TenantId,SourceSystem,MG,ManagementGroupName,"TimeGenerated [UTC]",Computer,RawData,"_timestamp_d","Stream_s","Log_s","RevisionName_s","ContainerAppName_s","ContainerGroupName_s","ContainerId_g","time_t [UTC]","EnvironmentName_s",Category,"ContainerName_s","ContainerGroupId_g","ContainerImage_s",Type,"_ResourceId"
"51d7a600-081b-4b15-8648-92ff7d357488",RestAPI,,,"11/24/2025, 4:54:16.825 PM",,,"1764003255.71643",stderr,"node:internal/modules/esm/resolve:873","teams-minutes-app--0000005","teams-minutes-app","teams-minutes-app--0000005-5bc87dd899-gkbkx","2cb9e106-91b1-4e3c-917f-4cd4faee6f93","11/24/2025, 4:54:15.371 PM","orangemushroom-b6a1517d",ContainerAppConsoleLogs,"teams-minutes-app","c3bc0232-ea2d-49cd-b035-414d2f345c85","teamminutesacr.azurecr.io/teams-minutes:latest","ContainerAppConsoleLogs_CL",
"51d7a600-081b-4b15-8648-92ff7d357488",RestAPI,,,"11/24/2025, 4:54:16.825 PM",,,"1764003255.71643",stderr,"  throw new ERR_MODULE_NOT_FOUND(packageName, fileURLToPath(base), null);","teams-minutes-app--0000005","teams-minutes-app","teams-minutes-app--0000005-5bc87dd899-gkbkx","2cb9e106-91b1-4e3c-917f-4cd4faee6f93","11/24/2025, 4:54:15.371 PM","orangemushroom-b6a1517d",ContainerAppConsoleLogs,"teams-minutes-app","c3bc0232-ea2d-49cd-b035-414d2f345c85","teamminutesacr.azurecr.io/teams-minutes:latest","ContainerAppConsoleLogs_CL",
"51d7a600-081b-4b15-8648-92ff7d357488",RestAPI,,,"11/24/2025, 4:54:16.825 PM",,,"1764003255.71643",stderr,"        ^","teams-minutes-app--0000005","teams-minutes-app","teams-minutes-app--0000005-5bc87dd899-gkbkx","2cb9e106-91b1-4e3c-917f-4cd4faee6f93","11/24/2025, 4:54:15.371 PM","orangemushroom-b6a1517d",ContainerAppConsoleLogs,"teams-minutes-app","c3bc0232-ea2d-49cd-b035-414d2f345c85","teamminutesacr.azurecr.io/teams-minutes:latest","ContainerAppConsoleLogs_CL",
"51d7a600-081b-4b15-8648-92ff7d357488",RestAPI,,,"11/24/2025, 4:54:16.825 PM",,,"1764003255.71643",stderr,,"teams-minutes-app--0000005","teams-minutes-app","teams-minutes-app--0000005-5bc87dd899-gkbkx","2cb9e106-91b1-4e3c-917f-4cd4faee6f93","11/24/2025, 4:54:15.371 PM","orangemushroom-b6a1517d",ContainerAppConsoleLogs,"teams-minutes-app","c3bc0232-ea2d-49cd-b035-414d2f345c85","teamminutesacr.azurecr.io/teams-minutes:latest","ContainerAppConsoleLogs_CL",
"51d7a600-081b-4b15-8648-92ff7d357488",RestAPI,,,"11/24/2025, 4:54:16.825 PM",,,"1764003255.71643",stderr,"Error [ERR_MODULE_NOT_FOUND]: Cannot find package 'vite' imported from /app/dist/index.js","teams-minutes-app--0000005","teams-minutes-app","teams-minutes-app--0000005-5bc87dd899-gkbkx","2cb9e106-91b1-4e3c-917f-4cd4faee6f93","11/24/2025, 4:54:15.371 PM","orangemushroom-b6a1517d",ContainerAppConsoleLogs,"teams-minutes-app","c3bc0232-ea2d-49cd-b035-414d2f345c85","teamminutesacr.azurecr.io/teams-minutes:latest","ContainerAppConsoleLogs_CL",
"51d7a600-081b-4b15-8648-92ff7d357488",RestAPI,,,"11/24/2025, 4:54:16.825 PM",,,"1764003255.71643",stderr,"    at packageResolve (node:internal/modules/esm/resolve:873:9)","teams-minutes-app--0000005","teams-minutes-app","teams-minutes-app--0000005-5bc87dd899-gkbkx","2cb9e106-91b1-4e3c-917f-4cd4faee6f93","11/24/2025, 4:54:15.371 PM","orangemushroom-b6a1517d",ContainerAppConsoleLogs,"teams-minutes-app","c3bc0232-ea2d-49cd-b035-414d2f345c85","teamminutesacr.azurecr.io/teams-minutes:latest","ContainerAppConsoleLogs_CL",
"51d7a600-081b-4b15-8648-92ff7d357488",RestAPI,,,"11/24/2025, 4:54:16.825 PM",,,"1764003255.71643",stderr,"    at moduleResolve (node:internal/modules/esm/resolve:946:18)","teams-minutes-app--0000005","teams-minutes-app","teams-minutes-app--0000005-5bc87dd899-gkbkx","2cb9e106-91b1-4e3c-917f-4cd4faee6f93","11/24/2025, 4:54:15.371 PM","orangemushroom-b6a1517d",ContainerAppConsoleLogs,"teams-minutes-app","c3bc0232-ea2d-49cd-b035-414d2f345c85","teamminutesacr.azurecr.io/teams-minutes:latest","ContainerAppConsoleLogs_CL",
"51d7a600-081b-4b15-8648-92ff7d357488",RestAPI,,,"11/24/2025, 4:54:16.825 PM",,,"1764003255.71643",stderr,"    at defaultResolve (node:internal/modules/esm/resolve:1188:11)","teams-minutes-app--0000005","teams-minutes-app","teams-minutes-app--0000005-5bc87dd899-gkbkx","2cb9e106-91b1-4e3c-917f-4cd4faee6f93","11/24/2025, 4:54:15.371 PM","orangemushroom-b6a1517d",ContainerAppConsoleLogs,"teams-minutes-app","c3bc0232-ea2d-49cd-b035-414d2f345c85","teamminutesacr.azurecr.io/teams-minutes:latest","ContainerAppConsoleLogs_CL",
"51d7a600-081b-4b15-8648-92ff7d357488",RestAPI,,,"11/24/2025, 4:54:16.825 PM",,,"1764003255.71643",stderr,"    at ModuleLoader.defaultResolve (node:internal/modules/esm/loader:708:12)","teams-minutes-app--0000005","teams-minutes-app","teams-minutes-app--0000005-5bc87dd899-gkbkx","2cb9e106-91b1-4e3c-917f-4cd4faee6f93","11/24/2025, 4:54:15.371 PM","orangemushroom-b6a1517d",ContainerAppConsoleLogs,"teams-minutes-app","c3bc0232-ea2d-49cd-b035-414d2f345c85","teamminutesacr.azurecr.io/teams-minutes:latest","ContainerAppConsoleLogs_CL",
"51d7a600-081b-4b15-8648-92ff7d357488",RestAPI,,,"11/24/2025, 4:54:16.825 PM",,,"1764003255.71643",stderr,"    at #cachedDefaultResolve (node:internal/modules/esm/loader:657:25)","teams-minutes-app--0000005","teams-minutes-app","teams-minutes-app--0000005-5bc87dd899-gkbkx","2cb9e106-91b1-4e3c-917f-4cd4faee6f93","11/24/2025, 4:54:15.371 PM","orangemushroom-b6a1517d",ContainerAppConsoleLogs,"teams-minutes-app","c3bc0232-ea2d-49cd-b035-414d2f345c85","teamminutesacr.azurecr.io/teams-minutes:latest","ContainerAppConsoleLogs_CL",
"51d7a600-081b-4b15-8648-92ff7d357488",RestAPI,,,"11/24/2025, 4:54:16.825 PM",,,"1764003255.71643",stderr,"    at ModuleLoader.resolve (node:internal/modules/esm/loader:640:38)","teams-minutes-app--0000005","teams-minutes-app","teams-minutes-app--0000005-5bc87dd899-gkbkx","2cb9e106-91b1-4e3c-917f-4cd4faee6f93","11/24/2025, 4:54:15.371 PM","orangemushroom-b6a1517d",ContainerAppConsoleLogs,"teams-minutes-app","c3bc0232-ea2d-49cd-b035-414d2f345c85","teamminutesacr.azurecr.io/teams-minutes:latest","ContainerAppConsoleLogs_CL",
"51d7a600-081b-4b15-8648-92ff7d357488",RestAPI,,,"11/24/2025, 4:54:16.825 PM",,,"1764003255.71643",stderr,"    at ModuleLoader.getModuleJobForImport (node:internal/modules/esm/loader:264:38)","teams-minutes-app--0000005","teams-minutes-app","teams-minutes-app--0000005-5bc87dd899-gkbkx","2cb9e106-91b1-4e3c-917f-4cd4faee6f93","11/24/2025, 4:54:15.371 PM","orangemushroom-b6a1517d",ContainerAppConsoleLogs,"teams-minutes-app","c3bc0232-ea2d-49cd-b035-414d2f345c85","teamminutesacr.azurecr.io/teams-minutes:latest","ContainerAppConsoleLogs_CL",
"51d7a600-081b-4b15-8648-92ff7d357488",RestAPI,,,"11/24/2025, 4:54:16.825 PM",,,"1764003255.71643",stderr,"    at ModuleJob._link (node:internal/modules/esm/module_job:168:49) {","teams-minutes-app--0000005","teams-minutes-app","teams-minutes-app--0000005-5bc87dd899-gkbkx","2cb9e106-91b1-4e3c-917f-4cd4faee6f93","11/24/2025, 4:54:15.371 PM","orangemushroom-b6a1517d",ContainerAppConsoleLogs,"teams-minutes-app","c3bc0232-ea2d-49cd-b035-414d2f345c85","teamminutesacr.azurecr.io/teams-minutes:latest","ContainerAppConsoleLogs_CL",
"51d7a600-081b-4b15-8648-92ff7d357488",RestAPI,,,"11/24/2025, 4:54:16.825 PM",,,"1764003255.71643",stderr,"  code: 'ERR_MODULE_NOT_FOUND'","teams-minutes-app--0000005","teams-minutes-app","teams-minutes-app--0000005-5bc87dd899-gkbkx","2cb9e106-91b1-4e3c-917f-4cd4faee6f93","11/24/2025, 4:54:15.371 PM","orangemushroom-b6a1517d",ContainerAppConsoleLogs,"teams-minutes-app","c3bc0232-ea2d-49cd-b035-414d2f345c85","teamminutesacr.azurecr.io/teams-minutes:latest","ContainerAppConsoleLogs_CL",
"51d7a600-081b-4b15-8648-92ff7d357488",RestAPI,,,"11/24/2025, 4:54:16.825 PM",,,"1764003255.71643",stderr,"}","teams-minutes-app--0000005","teams-minutes-app","teams-minutes-app--0000005-5bc87dd899-gkbkx","2cb9e106-91b1-4e3c-917f-4cd4faee6f93","11/24/2025, 4:54:15.371 PM","orangemushroom-b6a1517d",ContainerAppConsoleLogs,"teams-minutes-app","c3bc0232-ea2d-49cd-b035-414d2f345c85","teamminutesacr.azurecr.io/teams-minutes:latest","ContainerAppConsoleLogs_CL",
"51d7a600-081b-4b15-8648-92ff7d357488",RestAPI,,,"11/24/2025, 4:54:16.825 PM",,,"1764003255.71643",stderr,,"teams-minutes-app--0000005","teams-minutes-app","teams-minutes-app--0000005-5bc87dd899-gkbkx","2cb9e106-91b1-4e3c-917f-4cd4faee6f93","11/24/2025, 4:54:15.371 PM","orangemushroom-b6a1517d",ContainerAppConsoleLogs,"teams-minutes-app","c3bc0232-ea2d-49cd-b035-414d2f345c85","teamminutesacr.azurecr.io/teams-minutes:latest","ContainerAppConsoleLogs_CL",
"51d7a600-081b-4b15-8648-92ff7d357488",RestAPI,,,"11/24/2025, 4:54:16.825 PM",,,"1764003255.71643",stderr,"Node.js v20.19.5","teams-minutes-app--0000005","teams-minutes-app","teams-minutes-app--0000005-5bc87dd899-gkbkx","2cb9e106-91b1-4e3c-917f-4cd4faee6f93","11/24/2025, 4:54:15.371 PM","orangemushroom-b6a1517d",ContainerAppConsoleLogs,"teams-minutes-app","c3bc0232-ea2d-49cd-b035-414d2f345c85","teamminutesacr.azurecr.io/teams-minutes:latest","ContainerAppConsoleLogs_CL",
"51d7a600-081b-4b15-8648-92ff7d357488",RestAPI,,,"11/24/2025, 4:55:28.010 PM",,,"1764003326.7165",stderr,"node:internal/modules/esm/resolve:873","teams-minutes-app--0000005","teams-minutes-app","teams-minutes-app--0000005-5bc87dd899-gkbkx","4fd50314-cb19-4424-8a2e-aed499fa0784","11/24/2025, 4:55:26.232 PM","orangemushroom-b6a1517d",ContainerAppConsoleLogs,"teams-minutes-app","c3bc0232-ea2d-49cd-b035-414d2f345c85","teamminutesacr.azurecr.io/teams-minutes:latest","ContainerAppConsoleLogs_CL",
"51d7a600-081b-4b15-8648-92ff7d357488",RestAPI,,,"11/24/2025, 4:55:28.010 PM",,,"1764003326.7165",stderr,"  throw new ERR_MODULE_NOT_FOUND(packageName, fileURLToPath(base), null);","teams-minutes-app--0000005","teams-minutes-app","teams-minutes-app--0000005-5bc87dd899-gkbkx","4fd50314-cb19-4424-8a2e-aed499fa0784","11/24/2025, 4:55:26.232 PM","orangemushroom-b6a1517d",ContainerAppConsoleLogs,"teams-minutes-app","c3bc0232-ea2d-49cd-b035-414d2f345c85","teamminutesacr.azurecr.io/teams-minutes:latest","ContainerAppConsoleLogs_CL",
"51d7a600-081b-4b15-8648-92ff7d357488",RestAPI,,,"11/24/2025, 4:55:28.010 PM",,,"1764003326.7165",stderr,"        ^","teams-minutes-app--0000005","teams-minutes-app","teams-minutes-app--0000005-5bc87dd899-gkbkx","4fd50314-cb19-4424-8a2e-aed499fa0784","11/24/2025, 4:55:26.232 PM","orangemushroom-b6a1517d",ContainerAppConsoleLogs,"teams-minutes-app","c3bc0232-ea2d-49cd-b035-414d2f345c85","teamminutesacr.azurecr.io/teams-minutes:latest","ContainerAppConsoleLogs_CL",
"51d7a600-081b-4b15-8648-92ff7d357488",RestAPI,,,"11/24/2025, 4:55:28.010 PM",,,"1764003326.7165",stderr,,"teams-minutes-app--0000005","teams-minutes-app","teams-minutes-app--0000005-5bc87dd899-gkbkx","4fd50314-cb19-4424-8a2e-aed499fa0784","11/24/2025, 4:55:26.232 PM","orangemushroom-b6a1517d",ContainerAppConsoleLogs,"teams-minutes-app","c3bc0232-ea2d-49cd-b035-414d2f345c85","teamminutesacr.azurecr.io/teams-minutes:latest","ContainerAppConsoleLogs_CL",
"51d7a600-081b-4b15-8648-92ff7d357488",RestAPI,,,"11/24/2025, 4:55:28.010 PM",,,"1764003326.7165",stderr,"Error [ERR_MODULE_NOT_FOUND]: Cannot find package 'vite' imported from /app/dist/index.js","teams-minutes-app--0000005","teams-minutes-app","teams-minutes-app--0000005-5bc87dd899-gkbkx","4fd50314-cb19-4424-8a2e-aed499fa0784","11/24/2025, 4:55:26.232 PM","orangemushroom-b6a1517d",ContainerAppConsoleLogs,"teams-minutes-app","c3bc0232-ea2d-49cd-b035-414d2f345c85","teamminutesacr.azurecr.io/teams-minutes:latest","ContainerAppConsoleLogs_CL",
"51d7a600-081b-4b15-8648-92ff7d357488",RestAPI,,,"11/24/2025, 4:55:28.010 PM",,,"1764003326.7165",stderr,"    at packageResolve (node:internal/modules/esm/resolve:873:9)","teams-minutes-app--0000005","teams-minutes-app","teams-minutes-app--0000005-5bc87dd899-gkbkx","4fd50314-cb19-4424-8a2e-aed499fa0784","11/24/2025, 4:55:26.232 PM","orangemushroom-b6a1517d",ContainerAppConsoleLogs,"teams-minutes-app","c3bc0232-ea2d-49cd-b035-414d2f345c85","teamminutesacr.azurecr.io/teams-minutes:latest","ContainerAppConsoleLogs_CL",
"51d7a600-081b-4b15-8648-92ff7d357488",RestAPI,,,"11/24/2025, 4:55:28.010 PM",,,"1764003326.7165",stderr,"    at moduleResolve (node:internal/modules/esm/resolve:946:18)","teams-minutes-app--0000005","teams-minutes-app","teams-minutes-app--0000005-5bc87dd899-gkbkx","4fd50314-cb19-4424-8a2e-aed499fa0784","11/24/2025, 4:55:26.232 PM","orangemushroom-b6a1517d",ContainerAppConsoleLogs,"teams-minutes-app","c3bc0232-ea2d-49cd-b035-414d2f345c85","teamminutesacr.azurecr.io/teams-minutes:latest","ContainerAppConsoleLogs_CL",
"51d7a600-081b-4b15-8648-92ff7d357488",RestAPI,,,"11/24/2025, 4:55:28.010 PM",,,"1764003326.7165",stderr,"    at defaultResolve (node:internal/modules/esm/resolve:1188:11)","teams-minutes-app--0000005","teams-minutes-app","teams-minutes-app--0000005-5bc87dd899-gkbkx","4fd50314-cb19-4424-8a2e-aed499fa0784","11/24/2025, 4:55:26.232 PM","orangemushroom-b6a1517d",ContainerAppConsoleLogs,"teams-minutes-app","c3bc0232-ea2d-49cd-b035-414d2f345c85","teamminutesacr.azurecr.io/teams-minutes:latest","ContainerAppConsoleLogs_CL",
"51d7a600-081b-4b15-8648-92ff7d357488",RestAPI,,,"11/24/2025, 4:55:28.010 PM",,,"1764003326.7165",stderr,"    at ModuleLoader.defaultResolve (node:internal/modules/esm/loader:708:12)","teams-minutes-app--0000005","teams-minutes-app","teams-minutes-app--0000005-5bc87dd899-gkbkx","4fd50314-cb19-4424-8a2e-aed499fa0784","11/24/2025, 4:55:26.232 PM","orangemushroom-b6a1517d",ContainerAppConsoleLogs,"teams-minutes-app","c3bc0232-ea2d-49cd-b035-414d2f345c85","teamminutesacr.azurecr.io/teams-minutes:latest","ContainerAppConsoleLogs_CL",
"51d7a600-081b-4b15-8648-92ff7d357488",RestAPI,,,"11/24/2025, 4:55:28.010 PM",,,"1764003326.7165",stderr,"    at #cachedDefaultResolve (node:internal/modules/esm/loader:657:25)","teams-minutes-app--0000005","teams-minutes-app","teams-minutes-app--0000005-5bc87dd899-gkbkx","4fd50314-cb19-4424-8a2e-aed499fa0784","11/24/2025, 4:55:26.232 PM","orangemushroom-b6a1517d",ContainerAppConsoleLogs,"teams-minutes-app","c3bc0232-ea2d-49cd-b035-414d2f345c85","teamminutesacr.azurecr.io/teams-minutes:latest","ContainerAppConsoleLogs_CL",
"51d7a600-081b-4b15-8648-92ff7d357488",RestAPI,,,"11/24/2025, 4:55:28.010 PM",,,"1764003326.7165",stderr,"    at ModuleLoader.resolve (node:internal/modules/esm/loader:640:38)","teams-minutes-app--0000005","teams-minutes-app","teams-minutes-app--0000005-5bc87dd899-gkbkx","4fd50314-cb19-4424-8a2e-aed499fa0784","11/24/2025, 4:55:26.232 PM","orangemushroom-b6a1517d",ContainerAppConsoleLogs,"teams-minutes-app","c3bc0232-ea2d-49cd-b035-414d2f345c85","teamminutesacr.azurecr.io/teams-minutes:latest","ContainerAppConsoleLogs_CL",
"51d7a600-081b-4b15-8648-92ff7d357488",RestAPI,,,"11/24/2025, 4:55:28.010 PM",,,"1764003326.7165",stderr,"    at ModuleLoader.getModuleJobForImport (node:internal/modules/esm/loader:264:38)","teams-minutes-app--0000005","teams-minutes-app","teams-minutes-app--0000005-5bc87dd899-gkbkx","4fd50314-cb19-4424-8a2e-aed499fa0784","11/24/2025, 4:55:26.232 PM","orangemushroom-b6a1517d",ContainerAppConsoleLogs,"teams-minutes-app","c3bc0232-ea2d-49cd-b035-414d2f345c85","teamminutesacr.azurecr.io/teams-minutes:latest","ContainerAppConsoleLogs_CL",
"51d7a600-081b-4b15-8648-92ff7d357488",RestAPI,,,"11/24/2025, 4:55:28.010 PM",,,"1764003326.7165",stderr,"    at ModuleJob._link (node:internal/modules/esm/module_job:168:49) {","teams-minutes-app--0000005","teams-minutes-app","teams-minutes-app--0000005-5bc87dd899-gkbkx","4fd50314-cb19-4424-8a2e-aed499fa0784","11/24/2025, 4:55:26.232 PM","orangemushroom-b6a1517d",ContainerAppConsoleLogs,"teams-minutes-app","c3bc0232-ea2d-49cd-b035-414d2f345c85","teamminutesacr.azurecr.io/teams-minutes:latest","ContainerAppConsoleLogs_CL",
"51d7a600-081b-4b15-8648-92ff7d357488",RestAPI,,,"11/24/2025, 4:55:28.010 PM",,,"1764003326.7165",stderr,"  code: 'ERR_MODULE_NOT_FOUND'","teams-minutes-app--0000005","teams-minutes-app","teams-minutes-app--0000005-5bc87dd899-gkbkx","4fd50314-cb19-4424-8a2e-aed499fa0784","11/24/2025, 4:55:26.232 PM","orangemushroom-b6a1517d",ContainerAppConsoleLogs,"teams-minutes-app","c3bc0232-ea2d-49cd-b035-414d2f345c85","teamminutesacr.azurecr.io/teams-minutes:latest","ContainerAppConsoleLogs_CL",
"51d7a600-081b-4b15-8648-92ff7d357488",RestAPI,,,"11/24/2025, 4:55:28.010 PM",,,"1764003326.7165",stderr,"}","teams-minutes-app--0000005","teams-minutes-app","teams-minutes-app--0000005-5bc87dd899-gkbkx","4fd50314-cb19-4424-8a2e-aed499fa0784","11/24/2025, 4:55:26.232 PM","orangemushroom-b6a1517d",ContainerAppConsoleLogs,"teams-minutes-app","c3bc0232-ea2d-49cd-b035-414d2f345c85","teamminutesacr.azurecr.io/teams-minutes:latest","ContainerAppConsoleLogs_CL",
"51d7a600-081b-4b15-8648-92ff7d357488",RestAPI,,,"11/24/2025, 4:55:28.010 PM",,,"1764003326.7165",stderr,,"teams-minutes-app--0000005","teams-minutes-app","teams-minutes-app--0000005-5bc87dd899-gkbkx","4fd50314-cb19-4424-8a2e-aed499fa0784","11/24/2025, 4:55:26.232 PM","orangemushroom-b6a1517d",ContainerAppConsoleLogs,"teams-minutes-app","c3bc0232-ea2d-49cd-b035-414d2f345c85","teamminutesacr.azurecr.io/teams-minutes:latest","ContainerAppConsoleLogs_CL",
"51d7a600-081b-4b15-8648-92ff7d357488",RestAPI,,,"11/24/2025, 4:55:28.010 PM",,,"1764003326.7165",stderr,"Node.js v20.19.5","teams-minutes-app--0000005","teams-minutes-app","teams-minutes-app--0000005-5bc87dd899-gkbkx","4fd50314-cb19-4424-8a2e-aed499fa0784","11/24/2025, 4:55:26.233 PM","orangemushroom-b6a1517d",ContainerAppConsoleLogs,"teams-minutes-app","c3bc0232-ea2d-49cd-b035-414d2f345c85","teamminutesacr.azurecr.io/teams-minutes:latest","ContainerAppConsoleLogs_CL",
"51d7a600-081b-4b15-8648-92ff7d357488",RestAPI,,,"11/24/2025, 6:45:11.549 PM",,,"1764009910.3942",stderr,"node:internal/modules/esm/resolve:873","teams-minutes-app--0000005","teams-minutes-app","teams-minutes-app--0000005-5bc87dd899-cvkcj","1c749ff0-60a8-44ba-b45d-6b55013f75f4","11/24/2025, 6:45:10.030 PM","orangemushroom-b6a1517d",ContainerAppConsoleLogs,"teams-minutes-app","8e3a93d3-bd9c-407e-b351-0139a96bffeb","teamminutesacr.azurecr.io/teams-minutes:latest","ContainerAppConsoleLogs_CL",
"51d7a600-081b-4b15-8648-92ff7d357488",RestAPI,,,"11/24/2025, 6:45:11.549 PM",,,"1764009910.3942",stderr,"  throw new ERR_MODULE_NOT_FOUND(packageName, fileURLToPath(base), null);","teams-minutes-app--0000005","teams-minutes-app","teams-minutes-app--0000005-5bc87dd899-cvkcj","1c749ff0-60a8-44ba-b45d-6b55013f75f4","11/24/2025, 6:45:10.030 PM","orangemushroom-b6a1517d",ContainerAppConsoleLogs,"teams-minutes-app","8e3a93d3-bd9c-407e-b351-0139a96bffeb","teamminutesacr.azurecr.io/teams-minutes:latest","ContainerAppConsoleLogs_CL",
"51d7a600-081b-4b15-8648-92ff7d357488",RestAPI,,,"11/24/2025, 6:45:11.549 PM",,,"1764009910.3942",stderr,"        ^","teams-minutes-app--0000005","teams-minutes-app","teams-minutes-app--0000005-5bc87dd899-cvkcj","1c749ff0-60a8-44ba-b45d-6b55013f75f4","11/24/2025, 6:45:10.030 PM","orangemushroom-b6a1517d",ContainerAppConsoleLogs,"teams-minutes-app","8e3a93d3-bd9c-407e-b351-0139a96bffeb","teamminutesacr.azurecr.io/teams-minutes:latest","ContainerAppConsoleLogs_CL",
"51d7a600-081b-4b15-8648-92ff7d357488",RestAPI,,,"11/24/2025, 6:45:11.549 PM",,,"1764009910.3942",stderr,,"teams-minutes-app--0000005","teams-minutes-app","teams-minutes-app--0000005-5bc87dd899-cvkcj","1c749ff0-60a8-44ba-b45d-6b55013f75f4","11/24/2025, 6:45:10.030 PM","orangemushroom-b6a1517d",ContainerAppConsoleLogs,"teams-minutes-app","8e3a93d3-bd9c-407e-b351-0139a96bffeb","teamminutesacr.azurecr.io/teams-minutes:latest","ContainerAppConsoleLogs_CL",
"51d7a600-081b-4b15-8648-92ff7d357488",RestAPI,,,"11/24/2025, 6:45:11.549 PM",,,"1764009910.3942",stderr,"Error [ERR_MODULE_NOT_FOUND]: Cannot find package 'vite' imported from /app/dist/index.js","teams-minutes-app--0000005","teams-minutes-app","teams-minutes-app--0000005-5bc87dd899-cvkcj","1c749ff0-60a8-44ba-b45d-6b55013f75f4","11/24/2025, 6:45:10.030 PM","orangemushroom-b6a1517d",ContainerAppConsoleLogs,"teams-minutes-app","8e3a93d3-bd9c-407e-b351-0139a96bffeb","teamminutesacr.azurecr.io/teams-minutes:latest","ContainerAppConsoleLogs_CL",
"51d7a600-081b-4b15-8648-92ff7d357488",RestAPI,,,"11/24/2025, 6:45:11.549 PM",,,"1764009910.3942",stderr,"    at packageResolve (node:internal/modules/esm/resolve:873:9)","teams-minutes-app--0000005","teams-minutes-app","teams-minutes-app--0000005-5bc87dd899-cvkcj","1c749ff0-60a8-44ba-b45d-6b55013f75f4","11/24/2025, 6:45:10.030 PM","orangemushroom-b6a1517d",ContainerAppConsoleLogs,"teams-minutes-app","8e3a93d3-bd9c-407e-b351-0139a96bffeb","teamminutesacr.azurecr.io/teams-minutes:latest","ContainerAppConsoleLogs_CL",
"51d7a600-081b-4b15-8648-92ff7d357488",RestAPI,,,"11/24/2025, 6:45:11.549 PM",,,"1764009910.3942",stderr,"    at moduleResolve (node:internal/modules/esm/resolve:946:18)","teams-minutes-app--0000005","teams-minutes-app","teams-minutes-app--0000005-5bc87dd899-cvkcj","1c749ff0-60a8-44ba-b45d-6b55013f75f4","11/24/2025, 6:45:10.030 PM","orangemushroom-b6a1517d",ContainerAppConsoleLogs,"teams-minutes-app","8e3a93d3-bd9c-407e-b351-0139a96bffeb","teamminutesacr.azurecr.io/teams-minutes:latest","ContainerAppConsoleLogs_CL",
"51d7a600-081b-4b15-8648-92ff7d357488",RestAPI,,,"11/24/2025, 6:45:11.549 PM",,,"1764009910.3942",stderr,"    at defaultResolve (node:internal/modules/esm/resolve:1188:11)","teams-minutes-app--0000005","teams-minutes-app","teams-minutes-app--0000005-5bc87dd899-cvkcj","1c749ff0-60a8-44ba-b45d-6b55013f75f4","11/24/2025, 6:45:10.030 PM","orangemushroom-b6a1517d",ContainerAppConsoleLogs,"teams-minutes-app","8e3a93d3-bd9c-407e-b351-0139a96bffeb","teamminutesacr.azurecr.io/teams-minutes:latest","ContainerAppConsoleLogs_CL",
"51d7a600-081b-4b15-8648-92ff7d357488",RestAPI,,,"11/24/2025, 6:45:11.549 PM",,,"1764009910.3942",stderr,"    at ModuleLoader.defaultResolve (node:internal/modules/esm/loader:708:12)","teams-minutes-app--0000005","teams-minutes-app","teams-minutes-app--0000005-5bc87dd899-cvkcj","1c749ff0-60a8-44ba-b45d-6b55013f75f4","11/24/2025, 6:45:10.030 PM","orangemushroom-b6a1517d",ContainerAppConsoleLogs,"teams-minutes-app","8e3a93d3-bd9c-407e-b351-0139a96bffeb","teamminutesacr.azurecr.io/teams-minutes:latest","ContainerAppConsoleLogs_CL",
"51d7a600-081b-4b15-8648-92ff7d357488",RestAPI,,,"11/24/2025, 6:45:11.549 PM",,,"1764009910.3942",stderr,"    at #cachedDefaultResolve (node:internal/modules/esm/loader:657:25)","teams-minutes-app--0000005","teams-minutes-app","teams-minutes-app--0000005-5bc87dd899-cvkcj","1c749ff0-60a8-44ba-b45d-6b55013f75f4","11/24/2025, 6:45:10.030 PM","orangemushroom-b6a1517d",ContainerAppConsoleLogs,"teams-minutes-app","8e3a93d3-bd9c-407e-b351-0139a96bffeb","teamminutesacr.azurecr.io/teams-minutes:latest","ContainerAppConsoleLogs_CL",
"51d7a600-081b-4b15-8648-92ff7d357488",RestAPI,,,"11/24/2025, 6:45:11.549 PM",,,"1764009910.3942",stderr,"    at ModuleLoader.resolve (node:internal/modules/esm/loader:640:38)","teams-minutes-app--0000005","teams-minutes-app","teams-minutes-app--0000005-5bc87dd899-cvkcj","1c749ff0-60a8-44ba-b45d-6b55013f75f4","11/24/2025, 6:45:10.030 PM","orangemushroom-b6a1517d",ContainerAppConsoleLogs,"teams-minutes-app","8e3a93d3-bd9c-407e-b351-0139a96bffeb","teamminutesacr.azurecr.io/teams-minutes:latest","ContainerAppConsoleLogs_CL",
"51d7a600-081b-4b15-8648-92ff7d357488",RestAPI,,,"11/24/2025, 6:45:11.549 PM",,,"1764009910.3942",stderr,"    at ModuleLoader.getModuleJobForImport (node:internal/modules/esm/loader:264:38)","teams-minutes-app--0000005","teams-minutes-app","teams-minutes-app--0000005-5bc87dd899-cvkcj","1c749ff0-60a8-44ba-b45d-6b55013f75f4","11/24/2025, 6:45:10.030 PM","orangemushroom-b6a1517d",ContainerAppConsoleLogs,"teams-minutes-app","8e3a93d3-bd9c-407e-b351-0139a96bffeb","teamminutesacr.azurecr.io/teams-minutes:latest","ContainerAppConsoleLogs_CL",
"51d7a600-081b-4b15-8648-92ff7d357488",RestAPI,,,"11/24/2025, 6:45:11.549 PM",,,"1764009910.3942",stderr,"    at ModuleJob._link (node:internal/modules/esm/module_job:168:49) {","teams-minutes-app--0000005","teams-minutes-app","teams-minutes-app--0000005-5bc87dd899-cvkcj","1c749ff0-60a8-44ba-b45d-6b55013f75f4","11/24/2025, 6:45:10.030 PM","orangemushroom-b6a1517d",ContainerAppConsoleLogs,"teams-minutes-app","8e3a93d3-bd9c-407e-b351-0139a96bffeb","teamminutesacr.azurecr.io/teams-minutes:latest","ContainerAppConsoleLogs_CL",
"51d7a600-081b-4b15-8648-92ff7d357488",RestAPI,,,"11/24/2025, 6:45:11.549 PM",,,"1764009910.3942",stderr,"  code: 'ERR_MODULE_NOT_FOUND'","teams-minutes-app--0000005","teams-minutes-app","teams-minutes-app--0000005-5bc87dd899-cvkcj","1c749ff0-60a8-44ba-b45d-6b55013f75f4","11/24/2025, 6:45:10.030 PM","orangemushroom-b6a1517d",ContainerAppConsoleLogs,"teams-minutes-app","8e3a93d3-bd9c-407e-b351-0139a96bffeb","teamminutesacr.azurecr.io/teams-minutes:latest","ContainerAppConsoleLogs_CL",
"51d7a600-081b-4b15-8648-92ff7d357488",RestAPI,,,"11/24/2025, 6:45:11.549 PM",,,"1764009910.3942",stderr,"}","teams-minutes-app--0000005","teams-minutes-app","teams-minutes-app--0000005-5bc87dd899-cvkcj","1c749ff0-60a8-44ba-b45d-6b55013f75f4","11/24/2025, 6:45:10.030 PM","orangemushroom-b6a1517d",ContainerAppConsoleLogs,"teams-minutes-app","8e3a93d3-bd9c-407e-b351-0139a96bffeb","teamminutesacr.azurecr.io/teams-minutes:latest","ContainerAppConsoleLogs_CL",
"51d7a600-081b-4b15-8648-92ff7d357488",RestAPI,,,"11/24/2025, 6:45:11.549 PM",,,"1764009910.3942",stderr,,"teams-minutes-app--0000005","teams-minutes-app","teams-minutes-app--0000005-5bc87dd899-cvkcj","1c749ff0-60a8-44ba-b45d-6b55013f75f4","11/24/2025, 6:45:10.030 PM","orangemushroom-b6a1517d",ContainerAppConsoleLogs,"teams-minutes-app","8e3a93d3-bd9c-407e-b351-0139a96bffeb","teamminutesacr.azurecr.io/teams-minutes:latest","ContainerAppConsoleLogs_CL",
"51d7a600-081b-4b15-8648-92ff7d357488",RestAPI,,,"11/24/2025, 6:45:11.549 PM",,,"1764009910.39421",stderr,"Node.js v20.19.5","teams-minutes-app--0000005","teams-minutes-app","teams-minutes-app--0000005-5bc87dd899-cvkcj","1c749ff0-60a8-44ba-b45d-6b55013f75f4","11/24/2025, 6:45:10.030 PM","orangemushroom-b6a1517d",ContainerAppConsoleLogs,"teams-minutes-app","8e3a93d3-bd9c-407e-b351-0139a96bffeb","teamminutesacr.azurecr.io/teams-minutes:latest","ContainerAppConsoleLogs_CL",
"51d7a600-081b-4b15-8648-92ff7d357488",RestAPI,,,"11/24/2025, 6:46:22.737 PM",,,"1764009981.36955",stderr,"node:internal/modules/esm/resolve:873","teams-minutes-app--0000005","teams-minutes-app","teams-minutes-app--0000005-5bc87dd899-cvkcj","be6aee72-9a17-4cfb-94fe-4e81722ee32b","11/24/2025, 6:46:21.071 PM","orangemushroom-b6a1517d",ContainerAppConsoleLogs,"teams-minutes-app","8e3a93d3-bd9c-407e-b351-0139a96bffeb","teamminutesacr.azurecr.io/teams-minutes:latest","ContainerAppConsoleLogs_CL",
"51d7a600-081b-4b15-8648-92ff7d357488",RestAPI,,,"11/24/2025, 6:46:22.737 PM",,,"1764009981.36955",stderr,"  throw new ERR_MODULE_NOT_FOUND(packageName, fileURLToPath(base), null);","teams-minutes-app--0000005","teams-minutes-app","teams-minutes-app--0000005-5bc87dd899-cvkcj","be6aee72-9a17-4cfb-94fe-4e81722ee32b","11/24/2025, 6:46:21.071 PM","orangemushroom-b6a1517d",ContainerAppConsoleLogs,"teams-minutes-app","8e3a93d3-bd9c-407e-b351-0139a96bffeb","teamminutesacr.azurecr.io/teams-minutes:latest","ContainerAppConsoleLogs_CL",
"51d7a600-081b-4b15-8648-92ff7d357488",RestAPI,,,"11/24/2025, 6:46:22.737 PM",,,"1764009981.36955",stderr,"        ^","teams-minutes-app--0000005","teams-minutes-app","teams-minutes-app--0000005-5bc87dd899-cvkcj","be6aee72-9a17-4cfb-94fe-4e81722ee32b","11/24/2025, 6:46:21.071 PM","orangemushroom-b6a1517d",ContainerAppConsoleLogs,"teams-minutes-app","8e3a93d3-bd9c-407e-b351-0139a96bffeb","teamminutesacr.azurecr.io/teams-minutes:latest","ContainerAppConsoleLogs_CL",
"51d7a600-081b-4b15-8648-92ff7d357488",RestAPI,,,"11/24/2025, 6:46:22.737 PM",,,"1764009981.36955",stderr,,"teams-minutes-app--0000005","teams-minutes-app","teams-minutes-app--0000005-5bc87dd899-cvkcj","be6aee72-9a17-4cfb-94fe-4e81722ee32b","11/24/2025, 6:46:21.071 PM","orangemushroom-b6a1517d",ContainerAppConsoleLogs,"teams-minutes-app","8e3a93d3-bd9c-407e-b351-0139a96bffeb","teamminutesacr.azurecr.io/teams-minutes:latest","ContainerAppConsoleLogs_CL",
"51d7a600-081b-4b15-8648-92ff7d357488",RestAPI,,,"11/24/2025, 6:46:22.737 PM",,,"1764009981.36955",stderr,"Error [ERR_MODULE_NOT_FOUND]: Cannot find package 'vite' imported from /app/dist/index.js","teams-minutes-app--0000005","teams-minutes-app","teams-minutes-app--0000005-5bc87dd899-cvkcj","be6aee72-9a17-4cfb-94fe-4e81722ee32b","11/24/2025, 6:46:21.071 PM","orangemushroom-b6a1517d",ContainerAppConsoleLogs,"teams-minutes-app","8e3a93d3-bd9c-407e-b351-0139a96bffeb","teamminutesacr.azurecr.io/teams-minutes:latest","ContainerAppConsoleLogs_CL",
"51d7a600-081b-4b15-8648-92ff7d357488",RestAPI,,,"11/24/2025, 6:46:22.737 PM",,,"1764009981.36955",stderr,"    at packageResolve (node:internal/modules/esm/resolve:873:9)","teams-minutes-app--0000005","teams-minutes-app","teams-minutes-app--0000005-5bc87dd899-cvkcj","be6aee72-9a17-4cfb-94fe-4e81722ee32b","11/24/2025, 6:46:21.071 PM","orangemushroom-b6a1517d",ContainerAppConsoleLogs,"teams-minutes-app","8e3a93d3-bd9c-407e-b351-0139a96bffeb","teamminutesacr.azurecr.io/teams-minutes:latest","ContainerAppConsoleLogs_CL",
"51d7a600-081b-4b15-8648-92ff7d357488",RestAPI,,,"11/24/2025, 6:46:22.737 PM",,,"1764009981.36955",stderr,"    at moduleResolve (node:internal/modules/esm/resolve:946:18)","teams-minutes-app--0000005","teams-minutes-app","teams-minutes-app--0000005-5bc87dd899-cvkcj","be6aee72-9a17-4cfb-94fe-4e81722ee32b","11/24/2025, 6:46:21.071 PM","orangemushroom-b6a1517d",ContainerAppConsoleLogs,"teams-minutes-app","8e3a93d3-bd9c-407e-b351-0139a96bffeb","teamminutesacr.azurecr.io/teams-minutes:latest","ContainerAppConsoleLogs_CL",
"51d7a600-081b-4b15-8648-92ff7d357488",RestAPI,,,"11/24/2025, 6:46:22.737 PM",,,"1764009981.36955",stderr,"    at defaultResolve (node:internal/modules/esm/resolve:1188:11)","teams-minutes-app--0000005","teams-minutes-app","teams-minutes-app--0000005-5bc87dd899-cvkcj","be6aee72-9a17-4cfb-94fe-4e81722ee32b","11/24/2025, 6:46:21.071 PM","orangemushroom-b6a1517d",ContainerAppConsoleLogs,"teams-minutes-app","8e3a93d3-bd9c-407e-b351-0139a96bffeb","teamminutesacr.azurecr.io/teams-minutes:latest","ContainerAppConsoleLogs_CL",
"51d7a600-081b-4b15-8648-92ff7d357488",RestAPI,,,"11/24/2025, 6:46:22.737 PM",,,"1764009981.36955",stderr,"    at ModuleLoader.defaultResolve (node:internal/modules/esm/loader:708:12)","teams-minutes-app--0000005","teams-minutes-app","teams-minutes-app--0000005-5bc87dd899-cvkcj","be6aee72-9a17-4cfb-94fe-4e81722ee32b","11/24/2025, 6:46:21.071 PM","orangemushroom-b6a1517d",ContainerAppConsoleLogs,"teams-minutes-app","8e3a93d3-bd9c-407e-b351-0139a96bffeb","teamminutesacr.azurecr.io/teams-minutes:latest","ContainerAppConsoleLogs_CL",
"51d7a600-081b-4b15-8648-92ff7d357488",RestAPI,,,"11/24/2025, 6:46:22.737 PM",,,"1764009981.36955",stderr,"    at #cachedDefaultResolve (node:internal/modules/esm/loader:657:25)","teams-minutes-app--0000005","teams-minutes-app","teams-minutes-app--0000005-5bc87dd899-cvkcj","be6aee72-9a17-4cfb-94fe-4e81722ee32b","11/24/2025, 6:46:21.071 PM","orangemushroom-b6a1517d",ContainerAppConsoleLogs,"teams-minutes-app","8e3a93d3-bd9c-407e-b351-0139a96bffeb","teamminutesacr.azurecr.io/teams-minutes:latest","ContainerAppConsoleLogs_CL",
"51d7a600-081b-4b15-8648-92ff7d357488",RestAPI,,,"11/24/2025, 6:46:22.737 PM",,,"1764009981.36955",stderr,"    at ModuleLoader.resolve (node:internal/modules/esm/loader:640:38)","teams-minutes-app--0000005","teams-minutes-app","teams-minutes-app--0000005-5bc87dd899-cvkcj","be6aee72-9a17-4cfb-94fe-4e81722ee32b","11/24/2025, 6:46:21.071 PM","orangemushroom-b6a1517d",ContainerAppConsoleLogs,"teams-minutes-app","8e3a93d3-bd9c-407e-b351-0139a96bffeb","teamminutesacr.azurecr.io/teams-minutes:latest","ContainerAppConsoleLogs_CL",
"51d7a600-081b-4b15-8648-92ff7d357488",RestAPI,,,"11/24/2025, 6:46:22.737 PM",,,"1764009981.36956",stderr,"    at ModuleLoader.getModuleJobForImport (node:internal/modules/esm/loader:264:38)","teams-minutes-app--0000005","teams-minutes-app","teams-minutes-app--0000005-5bc87dd899-cvkcj","be6aee72-9a17-4cfb-94fe-4e81722ee32b","11/24/2025, 6:46:21.071 PM","orangemushroom-b6a1517d",ContainerAppConsoleLogs,"teams-minutes-app","8e3a93d3-bd9c-407e-b351-0139a96bffeb","teamminutesacr.azurecr.io/teams-minutes:latest","ContainerAppConsoleLogs_CL",
"51d7a600-081b-4b15-8648-92ff7d357488",RestAPI,,,"11/24/2025, 6:46:22.737 PM",,,"1764009981.36956",stderr,"    at ModuleJob._link (node:internal/modules/esm/module_job:168:49) {","teams-minutes-app--0000005","teams-minutes-app","teams-minutes-app--0000005-5bc87dd899-cvkcj","be6aee72-9a17-4cfb-94fe-4e81722ee32b","11/24/2025, 6:46:21.071 PM","orangemushroom-b6a1517d",ContainerAppConsoleLogs,"teams-minutes-app","8e3a93d3-bd9c-407e-b351-0139a96bffeb","teamminutesacr.azurecr.io/teams-minutes:latest","ContainerAppConsoleLogs_CL",
"51d7a600-081b-4b15-8648-92ff7d357488",RestAPI,,,"11/24/2025, 6:46:22.737 PM",,,"1764009981.36956",stderr,"  code: 'ERR_MODULE_NOT_FOUND'","teams-minutes-app--0000005","teams-minutes-app","teams-minutes-app--0000005-5bc87dd899-cvkcj","be6aee72-9a17-4cfb-94fe-4e81722ee32b","11/24/2025, 6:46:21.071 PM","orangemushroom-b6a1517d",ContainerAppConsoleLogs,"teams-minutes-app","8e3a93d3-bd9c-407e-b351-0139a96bffeb","teamminutesacr.azurecr.io/teams-minutes:latest","ContainerAppConsoleLogs_CL",
"51d7a600-081b-4b15-8648-92ff7d357488",RestAPI,,,"11/24/2025, 6:46:22.737 PM",,,"1764009981.36956",stderr,"}","teams-minutes-app--0000005","teams-minutes-app","teams-minutes-app--0000005-5bc87dd899-cvkcj","be6aee72-9a17-4cfb-94fe-4e81722ee32b","11/24/2025, 6:46:21.071 PM","orangemushroom-b6a1517d",ContainerAppConsoleLogs,"teams-minutes-app","8e3a93d3-bd9c-407e-b351-0139a96bffeb","teamminutesacr.azurecr.io/teams-minutes:latest","ContainerAppConsoleLogs_CL",
"51d7a600-081b-4b15-8648-92ff7d357488",RestAPI,,,"11/24/2025, 6:46:22.737 PM",,,"1764009981.36956",stderr,,"teams-minutes-app--0000005","teams-minutes-app","teams-minutes-app--0000005-5bc87dd899-cvkcj","be6aee72-9a17-4cfb-94fe-4e81722ee32b","11/24/2025, 6:46:21.071 PM","orangemushroom-b6a1517d",ContainerAppConsoleLogs,"teams-minutes-app","8e3a93d3-bd9c-407e-b351-0139a96bffeb","teamminutesacr.azurecr.io/teams-minutes:latest","ContainerAppConsoleLogs_CL",
"51d7a600-081b-4b15-8648-92ff7d357488",RestAPI,,,"11/24/2025, 6:46:22.737 PM",,,"1764009981.36956",stderr,"Node.js v20.19.5","teams-minutes-app--0000005","teams-minutes-app","teams-minutes-app--0000005-5bc87dd899-cvkcj","be6aee72-9a17-4cfb-94fe-4e81722ee32b","11/24/2025, 6:46:21.071 PM","orangemushroom-b6a1517d",ContainerAppConsoleLogs,"teams-minutes-app","8e3a93d3-bd9c-407e-b351-0139a96bffeb","teamminutesacr.azurecr.io/teams-minutes:latest","ContainerAppConsoleLogs_CL",
"51d7a600-081b-4b15-8648-92ff7d357488",RestAPI,,,"11/24/2025, 4:56:47.927 PM",,,"1764003406.71635",stderr,"node:internal/modules/esm/resolve:873","teams-minutes-app--0000005","teams-minutes-app","teams-minutes-app--0000005-5bc87dd899-gkbkx","40bedebc-725d-45bb-a202-08dedc9cfc4a","11/24/2025, 4:56:46.542 PM","orangemushroom-b6a1517d",ContainerAppConsoleLogs,"teams-minutes-app","c3bc0232-ea2d-49cd-b035-414d2f345c85","teamminutesacr.azurecr.io/teams-minutes:latest","ContainerAppConsoleLogs_CL",
"51d7a600-081b-4b15-8648-92ff7d357488",RestAPI,,,"11/24/2025, 4:56:47.927 PM",,,"1764003406.71635",stderr,"  throw new ERR_MODULE_NOT_FOUND(packageName, fileURLToPath(base), null);","teams-minutes-app--0000005","teams-minutes-app","teams-minutes-app--0000005-5bc87dd899-gkbkx","40bedebc-725d-45bb-a202-08dedc9cfc4a","11/24/2025, 4:56:46.542 PM","orangemushroom-b6a1517d",ContainerAppConsoleLogs,"teams-minutes-app","c3bc0232-ea2d-49cd-b035-414d2f345c85","teamminutesacr.azurecr.io/teams-minutes:latest","ContainerAppConsoleLogs_CL",
"51d7a600-081b-4b15-8648-92ff7d357488",RestAPI,,,"11/24/2025, 4:56:47.927 PM",,,"1764003406.71635",stderr,"        ^","teams-minutes-app--0000005","teams-minutes-app","teams-minutes-app--0000005-5bc87dd899-gkbkx","40bedebc-725d-45bb-a202-08dedc9cfc4a","11/24/2025, 4:56:46.542 PM","orangemushroom-b6a1517d",ContainerAppConsoleLogs,"teams-minutes-app","c3bc0232-ea2d-49cd-b035-414d2f345c85","teamminutesacr.azurecr.io/teams-minutes:latest","ContainerAppConsoleLogs_CL",
"51d7a600-081b-4b15-8648-92ff7d357488",RestAPI,,,"11/24/2025, 4:56:47.927 PM",,,"1764003406.71635",stderr,,"teams-minutes-app--0000005","teams-minutes-app","teams-minutes-app--0000005-5bc87dd899-gkbkx","40bedebc-725d-45bb-a202-08dedc9cfc4a","11/24/2025, 4:56:46.542 PM","orangemushroom-b6a1517d",ContainerAppConsoleLogs,"teams-minutes-app","c3bc0232-ea2d-49cd-b035-414d2f345c85","teamminutesacr.azurecr.io/teams-minutes:latest","ContainerAppConsoleLogs_CL",
"51d7a600-081b-4b15-8648-92ff7d357488",RestAPI,,,"11/24/2025, 4:56:47.927 PM",,,"1764003406.71635",stderr,"Error [ERR_MODULE_NOT_FOUND]: Cannot find package 'vite' imported from /app/dist/index.js","teams-minutes-app--0000005","teams-minutes-app","teams-minutes-app--0000005-5bc87dd899-gkbkx","40bedebc-725d-45bb-a202-08dedc9cfc4a","11/24/2025, 4:56:46.542 PM","orangemushroom-b6a1517d",ContainerAppConsoleLogs,"teams-minutes-app","c3bc0232-ea2d-49cd-b035-414d2f345c85","teamminutesacr.azurecr.io/teams-minutes:latest","ContainerAppConsoleLogs_CL",
"51d7a600-081b-4b15-8648-92ff7d357488",RestAPI,,,"11/24/2025, 4:56:47.927 PM",,,"1764003406.71635",stderr,"    at packageResolve (node:internal/modules/esm/resolve:873:9)","teams-minutes-app--0000005","teams-minutes-app","teams-minutes-app--0000005-5bc87dd899-gkbkx","40bedebc-725d-45bb-a202-08dedc9cfc4a","11/24/2025, 4:56:46.542 PM","orangemushroom-b6a1517d",ContainerAppConsoleLogs,"teams-minutes-app","c3bc0232-ea2d-49cd-b035-414d2f345c85","teamminutesacr.azurecr.io/teams-minutes:latest","ContainerAppConsoleLogs_CL",
"51d7a600-081b-4b15-8648-92ff7d357488",RestAPI,,,"11/24/2025, 4:56:47.927 PM",,,"1764003406.71635",stderr,"    at moduleResolve (node:internal/modules/esm/resolve:946:18)","teams-minutes-app--0000005","teams-minutes-app","teams-minutes-app--0000005-5bc87dd899-gkbkx","40bedebc-725d-45bb-a202-08dedc9cfc4a","11/24/2025, 4:56:46.542 PM","orangemushroom-b6a1517d",ContainerAppConsoleLogs,"teams-minutes-app","c3bc0232-ea2d-49cd-b035-414d2f345c85","teamminutesacr.azurecr.io/teams-minutes:latest","ContainerAppConsoleLogs_CL",
"51d7a600-081b-4b15-8648-92ff7d357488",RestAPI,,,"11/24/2025, 4:56:47.927 PM",,,"1764003406.71635",stderr,"    at defaultResolve (node:internal/modules/esm/resolve:1188:11)","teams-minutes-app--0000005","teams-minutes-app","teams-minutes-app--0000005-5bc87dd899-gkbkx","40bedebc-725d-45bb-a202-08dedc9cfc4a","11/24/2025, 4:56:46.542 PM","orangemushroom-b6a1517d",ContainerAppConsoleLogs,"teams-minutes-app","c3bc0232-ea2d-49cd-b035-414d2f345c85","teamminutesacr.azurecr.io/teams-minutes:latest","ContainerAppConsoleLogs_CL",
"51d7a600-081b-4b15-8648-92ff7d357488",RestAPI,,,"11/24/2025, 4:56:47.927 PM",,,"1764003406.71635",stderr,"    at ModuleLoader.defaultResolve (node:internal/modules/esm/loader:708:12)","teams-minutes-app--0000005","teams-minutes-app","teams-minutes-app--0000005-5bc87dd899-gkbkx","40bedebc-725d-45bb-a202-08dedc9cfc4a","11/24/2025, 4:56:46.542 PM","orangemushroom-b6a1517d",ContainerAppConsoleLogs,"teams-minutes-app","c3bc0232-ea2d-49cd-b035-414d2f345c85","teamminutesacr.azurecr.io/teams-minutes:latest","ContainerAppConsoleLogs_CL",
"51d7a600-081b-4b15-8648-92ff7d357488",RestAPI,,,"11/24/2025, 4:56:47.927 PM",,,"1764003406.71635",stderr,"    at #cachedDefaultResolve (node:internal/modules/esm/loader:657:25)","teams-minutes-app--0000005","teams-minutes-app","teams-minutes-app--0000005-5bc87dd899-gkbkx","40bedebc-725d-45bb-a202-08dedc9cfc4a","11/24/2025, 4:56:46.542 PM","orangemushroom-b6a1517d",ContainerAppConsoleLogs,"teams-minutes-app","c3bc0232-ea2d-49cd-b035-414d2f345c85","teamminutesacr.azurecr.io/teams-minutes:latest","ContainerAppConsoleLogs_CL",
"51d7a600-081b-4b15-8648-92ff7d357488",RestAPI,,,"11/24/2025, 4:56:47.927 PM",,,"1764003406.71635",stderr,"    at ModuleLoader.resolve (node:internal/modules/esm/loader:640:38)","teams-minutes-app--0000005","teams-minutes-app","teams-minutes-app--0000005-5bc87dd899-gkbkx","40bedebc-725d-45bb-a202-08dedc9cfc4a","11/24/2025, 4:56:46.542 PM","orangemushroom-b6a1517d",ContainerAppConsoleLogs,"teams-minutes-app","c3bc0232-ea2d-49cd-b035-414d2f345c85","teamminutesacr.azurecr.io/teams-minutes:latest","ContainerAppConsoleLogs_CL",
"51d7a600-081b-4b15-8648-92ff7d357488",RestAPI,,,"11/24/2025, 4:56:47.927 PM",,,"1764003406.71635",stderr,"    at ModuleLoader.getModuleJobForImport (node:internal/modules/esm/loader:264:38)","teams-minutes-app--0000005","teams-minutes-app","teams-minutes-app--0000005-5bc87dd899-gkbkx","40bedebc-725d-45bb-a202-08dedc9cfc4a","11/24/2025, 4:56:46.542 PM","orangemushroom-b6a1517d",ContainerAppConsoleLogs,"teams-minutes-app","c3bc0232-ea2d-49cd-b035-414d2f345c85","teamminutesacr.azurecr.io/teams-minutes:latest","ContainerAppConsoleLogs_CL",
"51d7a600-081b-4b15-8648-92ff7d357488",RestAPI,,,"11/24/2025, 4:56:47.927 PM",,,"1764003406.71635",stderr,"    at ModuleJob._link (node:internal/modules/esm/module_job:168:49) {","teams-minutes-app--0000005","teams-minutes-app","teams-minutes-app--0000005-5bc87dd899-gkbkx","40bedebc-725d-45bb-a202-08dedc9cfc4a","11/24/2025, 4:56:46.542 PM","orangemushroom-b6a1517d",ContainerAppConsoleLogs,"teams-minutes-app","c3bc0232-ea2d-49cd-b035-414d2f345c85","teamminutesacr.azurecr.io/teams-minutes:latest","ContainerAppConsoleLogs_CL",
"51d7a600-081b-4b15-8648-92ff7d357488",RestAPI,,,"11/24/2025, 4:56:47.927 PM",,,"1764003406.71635",stderr,"  code: 'ERR_MODULE_NOT_FOUND'","teams-minutes-app--0000005","teams-minutes-app","teams-minutes-app--0000005-5bc87dd899-gkbkx","40bedebc-725d-45bb-a202-08dedc9cfc4a","11/24/2025, 4:56:46.542 PM","orangemushroom-b6a1517d",ContainerAppConsoleLogs,"teams-minutes-app","c3bc0232-ea2d-49cd-b035-414d2f345c85","teamminutesacr.azurecr.io/teams-minutes:latest","ContainerAppConsoleLogs_CL",
"51d7a600-081b-4b15-8648-92ff7d357488",RestAPI,,,"11/24/2025, 4:56:47.927 PM",,,"1764003406.71635",stderr,"}","teams-minutes-app--0000005","teams-minutes-app","teams-minutes-app--0000005-5bc87dd899-gkbkx","40bedebc-725d-45bb-a202-08dedc9cfc4a","11/24/2025, 4:56:46.542 PM","orangemushroom-b6a1517d",ContainerAppConsoleLogs,"teams-minutes-app","c3bc0232-ea2d-49cd-b035-414d2f345c85","teamminutesacr.azurecr.io/teams-minutes:latest","ContainerAppConsoleLogs_CL",
"51d7a600-081b-4b15-8648-92ff7d357488",RestAPI,,,"11/24/2025, 4:56:47.927 PM",,,"1764003406.71635",stderr,,"teams-minutes-app--0000005","teams-minutes-app","teams-minutes-app--0000005-5bc87dd899-gkbkx","40bedebc-725d-45bb-a202-08dedc9cfc4a","11/24/2025, 4:56:46.542 PM","orangemushroom-b6a1517d",ContainerAppConsoleLogs,"teams-minutes-app","c3bc0232-ea2d-49cd-b035-414d2f345c85","teamminutesacr.azurecr.io/teams-minutes:latest","ContainerAppConsoleLogs_CL",
"51d7a600-081b-4b15-8648-92ff7d357488",RestAPI,,,"11/24/2025, 4:56:47.927 PM",,,"1764003406.71635",stderr,"Node.js v20.19.5","teams-minutes-app--0000005","teams-minutes-app","teams-minutes-app--0000005-5bc87dd899-gkbkx","40bedebc-725d-45bb-a202-08dedc9cfc4a","11/24/2025, 4:56:46.542 PM","orangemushroom-b6a1517d",ContainerAppConsoleLogs,"teams-minutes-app","c3bc0232-ea2d-49cd-b035-414d2f345c85","teamminutesacr.azurecr.io/teams-minutes:latest","ContainerAppConsoleLogs_CL",
"51d7a600-081b-4b15-8648-92ff7d357488",RestAPI,,,"11/24/2025, 6:47:42.590 PM",,,"1764010061.38818",stderr,"node:internal/modules/esm/resolve:873","teams-minutes-app--0000005","teams-minutes-app","teams-minutes-app--0000005-5bc87dd899-cvkcj","ea4a5d8e-4add-4093-a0ba-9055d7024505","11/24/2025, 6:47:41.382 PM","orangemushroom-b6a1517d",ContainerAppConsoleLogs,"teams-minutes-app","8e3a93d3-bd9c-407e-b351-0139a96bffeb","teamminutesacr.azurecr.io/teams-minutes:latest","ContainerAppConsoleLogs_CL",
"51d7a600-081b-4b15-8648-92ff7d357488",RestAPI,,,"11/24/2025, 6:47:42.590 PM",,,"1764010061.38819",stderr,"  throw new ERR_MODULE_NOT_FOUND(packageName, fileURLToPath(base), null);","teams-minutes-app--0000005","teams-minutes-app","teams-minutes-app--0000005-5bc87dd899-cvkcj","ea4a5d8e-4add-4093-a0ba-9055d7024505","11/24/2025, 6:47:41.382 PM","orangemushroom-b6a1517d",ContainerAppConsoleLogs,"teams-minutes-app","8e3a93d3-bd9c-407e-b351-0139a96bffeb","teamminutesacr.azurecr.io/teams-minutes:latest","ContainerAppConsoleLogs_CL",
"51d7a600-081b-4b15-8648-92ff7d357488",RestAPI,,,"11/24/2025, 6:47:42.590 PM",,,"1764010061.38819",stderr,"        ^","teams-minutes-app--0000005","teams-minutes-app","teams-minutes-app--0000005-5bc87dd899-cvkcj","ea4a5d8e-4add-4093-a0ba-9055d7024505","11/24/2025, 6:47:41.382 PM","orangemushroom-b6a1517d",ContainerAppConsoleLogs,"teams-minutes-app","8e3a93d3-bd9c-407e-b351-0139a96bffeb","teamminutesacr.azurecr.io/teams-minutes:latest","ContainerAppConsoleLogs_CL",
"51d7a600-081b-4b15-8648-92ff7d357488",RestAPI,,,"11/24/2025, 6:47:42.590 PM",,,"1764010061.38819",stderr,,"teams-minutes-app--0000005","teams-minutes-app","teams-minutes-app--0000005-5bc87dd899-cvkcj","ea4a5d8e-4add-4093-a0ba-9055d7024505","11/24/2025, 6:47:41.382 PM","orangemushroom-b6a1517d",ContainerAppConsoleLogs,"teams-minutes-app","8e3a93d3-bd9c-407e-b351-0139a96bffeb","teamminutesacr.azurecr.io/teams-minutes:latest","ContainerAppConsoleLogs_CL",
"51d7a600-081b-4b15-8648-92ff7d357488",RestAPI,,,"11/24/2025, 6:47:42.590 PM",,,"1764010061.38819",stderr,"Error [ERR_MODULE_NOT_FOUND]: Cannot find package 'vite' imported from /app/dist/index.js","teams-minutes-app--0000005","teams-minutes-app","teams-minutes-app--0000005-5bc87dd899-cvkcj","ea4a5d8e-4add-4093-a0ba-9055d7024505","11/24/2025, 6:47:41.382 PM","orangemushroom-b6a1517d",ContainerAppConsoleLogs,"teams-minutes-app","8e3a93d3-bd9c-407e-b351-0139a96bffeb","teamminutesacr.azurecr.io/teams-minutes:latest","ContainerAppConsoleLogs_CL",
"51d7a600-081b-4b15-8648-92ff7d357488",RestAPI,,,"11/24/2025, 6:47:42.590 PM",,,"1764010061.38819",stderr,"    at packageResolve (node:internal/modules/esm/resolve:873:9)","teams-minutes-app--0000005","teams-minutes-app","teams-minutes-app--0000005-5bc87dd899-cvkcj","ea4a5d8e-4add-4093-a0ba-9055d7024505","11/24/2025, 6:47:41.382 PM","orangemushroom-b6a1517d",ContainerAppConsoleLogs,"teams-minutes-app","8e3a93d3-bd9c-407e-b351-0139a96bffeb","teamminutesacr.azurecr.io/teams-minutes:latest","ContainerAppConsoleLogs_CL",
"51d7a600-081b-4b15-8648-92ff7d357488",RestAPI,,,"11/24/2025, 6:47:42.590 PM",,,"1764010061.38819",stderr,"    at moduleResolve (node:internal/modules/esm/resolve:946:18)","teams-minutes-app--0000005","teams-minutes-app","teams-minutes-app--0000005-5bc87dd899-cvkcj","ea4a5d8e-4add-4093-a0ba-9055d7024505","11/24/2025, 6:47:41.382 PM","orangemushroom-b6a1517d",ContainerAppConsoleLogs,"teams-minutes-app","8e3a93d3-bd9c-407e-b351-0139a96bffeb","teamminutesacr.azurecr.io/teams-minutes:latest","ContainerAppConsoleLogs_CL",
"51d7a600-081b-4b15-8648-92ff7d357488",RestAPI,,,"11/24/2025, 6:47:42.590 PM",,,"1764010061.38819",stderr,"    at defaultResolve (node:internal/modules/esm/resolve:1188:11)","teams-minutes-app--0000005","teams-minutes-app","teams-minutes-app--0000005-5bc87dd899-cvkcj","ea4a5d8e-4add-4093-a0ba-9055d7024505","11/24/2025, 6:47:41.382 PM","orangemushroom-b6a1517d",ContainerAppConsoleLogs,"teams-minutes-app","8e3a93d3-bd9c-407e-b351-0139a96bffeb","teamminutesacr.azurecr.io/teams-minutes:latest","ContainerAppConsoleLogs_CL",
"51d7a600-081b-4b15-8648-92ff7d357488",RestAPI,,,"11/24/2025, 6:47:42.590 PM",,,"1764010061.38819",stderr,"    at ModuleLoader.defaultResolve (node:internal/modules/esm/loader:708:12)","teams-minutes-app--0000005","teams-minutes-app","teams-minutes-app--0000005-5bc87dd899-cvkcj","ea4a5d8e-4add-4093-a0ba-9055d7024505","11/24/2025, 6:47:41.382 PM","orangemushroom-b6a1517d",ContainerAppConsoleLogs,"teams-minutes-app","8e3a93d3-bd9c-407e-b351-0139a96bffeb","teamminutesacr.azurecr.io/teams-minutes:latest","ContainerAppConsoleLogs_CL",
"51d7a600-081b-4b15-8648-92ff7d357488",RestAPI,,,"11/24/2025, 6:47:42.590 PM",,,"1764010061.38819",stderr,"    at #cachedDefaultResolve (node:internal/modules/esm/loader:657:25)","teams-minutes-app--0000005","teams-minutes-app","teams-minutes-app--0000005-5bc87dd899-cvkcj","ea4a5d8e-4add-4093-a0ba-9055d7024505","11/24/2025, 6:47:41.382 PM","orangemushroom-b6a1517d",ContainerAppConsoleLogs,"teams-minutes-app","8e3a93d3-bd9c-407e-b351-0139a96bffeb","teamminutesacr.azurecr.io/teams-minutes:latest","ContainerAppConsoleLogs_CL",
"51d7a600-081b-4b15-8648-92ff7d357488",RestAPI,,,"11/24/2025, 6:47:42.590 PM",,,"1764010061.38819",stderr,"    at ModuleLoader.resolve (node:internal/modules/esm/loader:640:38)","teams-minutes-app--0000005","teams-minutes-app","teams-minutes-app--0000005-5bc87dd899-cvkcj","ea4a5d8e-4add-4093-a0ba-9055d7024505","11/24/2025, 6:47:41.382 PM","orangemushroom-b6a1517d",ContainerAppConsoleLogs,"teams-minutes-app","8e3a93d3-bd9c-407e-b351-0139a96bffeb","teamminutesacr.azurecr.io/teams-minutes:latest","ContainerAppConsoleLogs_CL",
"51d7a600-081b-4b15-8648-92ff7d357488",RestAPI,,,"11/24/2025, 6:47:42.590 PM",,,"1764010061.38819",stderr,"    at ModuleLoader.getModuleJobForImport (node:internal/modules/esm/loader:264:38)","teams-minutes-app--0000005","teams-minutes-app","teams-minutes-app--0000005-5bc87dd899-cvkcj","ea4a5d8e-4add-4093-a0ba-9055d7024505","11/24/2025, 6:47:41.382 PM","orangemushroom-b6a1517d",ContainerAppConsoleLogs,"teams-minutes-app","8e3a93d3-bd9c-407e-b351-0139a96bffeb","teamminutesacr.azurecr.io/teams-minutes:latest","ContainerAppConsoleLogs_CL",
"51d7a600-081b-4b15-8648-92ff7d357488",RestAPI,,,"11/24/2025, 6:47:42.590 PM",,,"1764010061.38819",stderr,"    at ModuleJob._link (node:internal/modules/esm/module_job:168:49) {","teams-minutes-app--0000005","teams-minutes-app","teams-minutes-app--0000005-5bc87dd899-cvkcj","ea4a5d8e-4add-4093-a0ba-9055d7024505","11/24/2025, 6:47:41.382 PM","orangemushroom-b6a1517d",ContainerAppConsoleLogs,"teams-minutes-app","8e3a93d3-bd9c-407e-b351-0139a96bffeb","teamminutesacr.azurecr.io/teams-minutes:latest","ContainerAppConsoleLogs_CL",
"51d7a600-081b-4b15-8648-92ff7d357488",RestAPI,,,"11/24/2025, 6:47:42.590 PM",,,"1764010061.38819",stderr,"  code: 'ERR_MODULE_NOT_FOUND'","teams-minutes-app--0000005","teams-minutes-app","teams-minutes-app--0000005-5bc87dd899-cvkcj","ea4a5d8e-4add-4093-a0ba-9055d7024505","11/24/2025, 6:47:41.382 PM","orangemushroom-b6a1517d",ContainerAppConsoleLogs,"teams-minutes-app","8e3a93d3-bd9c-407e-b351-0139a96bffeb","teamminutesacr.azurecr.io/teams-minutes:latest","ContainerAppConsoleLogs_CL",
"51d7a600-081b-4b15-8648-92ff7d357488",RestAPI,,,"11/24/2025, 6:47:42.590 PM",,,"1764010061.38819",stderr,"}","teams-minutes-app--0000005","teams-minutes-app","teams-minutes-app--0000005-5bc87dd899-cvkcj","ea4a5d8e-4add-4093-a0ba-9055d7024505","11/24/2025, 6:47:41.382 PM","orangemushroom-b6a1517d",ContainerAppConsoleLogs,"teams-minutes-app","8e3a93d3-bd9c-407e-b351-0139a96bffeb","teamminutesacr.azurecr.io/teams-minutes:latest","ContainerAppConsoleLogs_CL",
"51d7a600-081b-4b15-8648-92ff7d357488",RestAPI,,,"11/24/2025, 6:47:42.590 PM",,,"1764010061.38819",stderr,,"teams-minutes-app--0000005","teams-minutes-app","teams-minutes-app--0000005-5bc87dd899-cvkcj","ea4a5d8e-4add-4093-a0ba-9055d7024505","11/24/2025, 6:47:41.382 PM","orangemushroom-b6a1517d",ContainerAppConsoleLogs,"teams-minutes-app","8e3a93d3-bd9c-407e-b351-0139a96bffeb","teamminutesacr.azurecr.io/teams-minutes:latest","ContainerAppConsoleLogs_CL",
"51d7a600-081b-4b15-8648-92ff7d357488",RestAPI,,,"11/24/2025, 6:47:42.590 PM",,,"1764010061.38819",stderr,"Node.js v20.19.5","teams-minutes-app--0000005","teams-minutes-app","teams-minutes-app--0000005-5bc87dd899-cvkcj","ea4a5d8e-4add-4093-a0ba-9055d7024505","11/24/2025, 6:47:41.382 PM","orangemushroom-b6a1517d",ContainerAppConsoleLogs,"teams-minutes-app","8e3a93d3-bd9c-407e-b351-0139a96bffeb","teamminutesacr.azurecr.io/teams-minutes:latest","ContainerAppConsoleLogs_CL",
"51d7a600-081b-4b15-8648-92ff7d357488",RestAPI,,,"11/24/2025, 6:50:23.680 PM",,,"1764010222.36988",stderr,"node:internal/modules/esm/resolve:873","teams-minutes-app--0000005","teams-minutes-app","teams-minutes-app--0000005-5bc87dd899-cvkcj","33a79f5f-e950-4bfb-91ab-8cead9d0adb4","11/24/2025, 6:50:21.683 PM","orangemushroom-b6a1517d",ContainerAppConsoleLogs,"teams-minutes-app","8e3a93d3-bd9c-407e-b351-0139a96bffeb","teamminutesacr.azurecr.io/teams-minutes:latest","ContainerAppConsoleLogs_CL",
"51d7a600-081b-4b15-8648-92ff7d357488",RestAPI,,,"11/24/2025, 6:50:23.680 PM",,,"1764010222.36988",stderr,"  throw new ERR_MODULE_NOT_FOUND(packageName, fileURLToPath(base), null);","teams-minutes-app--0000005","teams-minutes-app","teams-minutes-app--0000005-5bc87dd899-cvkcj","33a79f5f-e950-4bfb-91ab-8cead9d0adb4","11/24/2025, 6:50:21.683 PM","orangemushroom-b6a1517d",ContainerAppConsoleLogs,"teams-minutes-app","8e3a93d3-bd9c-407e-b351-0139a96bffeb","teamminutesacr.azurecr.io/teams-minutes:latest","ContainerAppConsoleLogs_CL",
"51d7a600-081b-4b15-8648-92ff7d357488",RestAPI,,,"11/24/2025, 6:50:23.680 PM",,,"1764010222.36988",stderr,"        ^","teams-minutes-app--0000005","teams-minutes-app","teams-minutes-app--0000005-5bc87dd899-cvkcj","33a79f5f-e950-4bfb-91ab-8cead9d0adb4","11/24/2025, 6:50:21.683 PM","orangemushroom-b6a1517d",ContainerAppConsoleLogs,"teams-minutes-app","8e3a93d3-bd9c-407e-b351-0139a96bffeb","teamminutesacr.azurecr.io/teams-minutes:latest","ContainerAppConsoleLogs_CL",
"51d7a600-081b-4b15-8648-92ff7d357488",RestAPI,,,"11/24/2025, 6:50:23.680 PM",,,"1764010222.36988",stderr,,"teams-minutes-app--0000005","teams-minutes-app","teams-minutes-app--0000005-5bc87dd899-cvkcj","33a79f5f-e950-4bfb-91ab-8cead9d0adb4","11/24/2025, 6:50:21.683 PM","orangemushroom-b6a1517d",ContainerAppConsoleLogs,"teams-minutes-app","8e3a93d3-bd9c-407e-b351-0139a96bffeb","teamminutesacr.azurecr.io/teams-minutes:latest","ContainerAppConsoleLogs_CL",
"51d7a600-081b-4b15-8648-92ff7d357488",RestAPI,,,"11/24/2025, 6:50:23.680 PM",,,"1764010222.36988",stderr,"Error [ERR_MODULE_NOT_FOUND]: Cannot find package 'vite' imported from /app/dist/index.js","teams-minutes-app--0000005","teams-minutes-app","teams-minutes-app--0000005-5bc87dd899-cvkcj","33a79f5f-e950-4bfb-91ab-8cead9d0adb4","11/24/2025, 6:50:21.683 PM","orangemushroom-b6a1517d",ContainerAppConsoleLogs,"teams-minutes-app","8e3a93d3-bd9c-407e-b351-0139a96bffeb","teamminutesacr.azurecr.io/teams-minutes:latest","ContainerAppConsoleLogs_CL",
"51d7a600-081b-4b15-8648-92ff7d357488",RestAPI,,,"11/24/2025, 6:50:23.680 PM",,,"1764010222.36988",stderr,"    at packageResolve (node:internal/modules/esm/resolve:873:9)","teams-minutes-app--0000005","teams-minutes-app","teams-minutes-app--0000005-5bc87dd899-cvkcj","33a79f5f-e950-4bfb-91ab-8cead9d0adb4","11/24/2025, 6:50:21.683 PM","orangemushroom-b6a1517d",ContainerAppConsoleLogs,"teams-minutes-app","8e3a93d3-bd9c-407e-b351-0139a96bffeb","teamminutesacr.azurecr.io/teams-minutes:latest","ContainerAppConsoleLogs_CL",
"51d7a600-081b-4b15-8648-92ff7d357488",RestAPI,,,"11/24/2025, 6:50:23.680 PM",,,"1764010222.36988",stderr,"    at moduleResolve (node:internal/modules/esm/resolve:946:18)","teams-minutes-app--0000005","teams-minutes-app","teams-minutes-app--0000005-5bc87dd899-cvkcj","33a79f5f-e950-4bfb-91ab-8cead9d0adb4","11/24/2025, 6:50:21.683 PM","orangemushroom-b6a1517d",ContainerAppConsoleLogs,"teams-minutes-app","8e3a93d3-bd9c-407e-b351-0139a96bffeb","teamminutesacr.azurecr.io/teams-minutes:latest","ContainerAppConsoleLogs_CL",
"51d7a600-081b-4b15-8648-92ff7d357488",RestAPI,,,"11/24/2025, 6:50:23.680 PM",,,"1764010222.36988",stderr,"    at defaultResolve (node:internal/modules/esm/resolve:1188:11)","teams-minutes-app--0000005","teams-minutes-app","teams-minutes-app--0000005-5bc87dd899-cvkcj","33a79f5f-e950-4bfb-91ab-8cead9d0adb4","11/24/2025, 6:50:21.683 PM","orangemushroom-b6a1517d",ContainerAppConsoleLogs,"teams-minutes-app","8e3a93d3-bd9c-407e-b351-0139a96bffeb","teamminutesacr.azurecr.io/teams-minutes:latest","ContainerAppConsoleLogs_CL",
"51d7a600-081b-4b15-8648-92ff7d357488",RestAPI,,,"11/24/2025, 6:50:23.680 PM",,,"1764010222.36988",stderr,"    at ModuleLoader.defaultResolve (node:internal/modules/esm/loader:708:12)","teams-minutes-app--0000005","teams-minutes-app","teams-minutes-app--0000005-5bc87dd899-cvkcj","33a79f5f-e950-4bfb-91ab-8cead9d0adb4","11/24/2025, 6:50:21.683 PM","orangemushroom-b6a1517d",ContainerAppConsoleLogs,"teams-minutes-app","8e3a93d3-bd9c-407e-b351-0139a96bffeb","teamminutesacr.azurecr.io/teams-minutes:latest","ContainerAppConsoleLogs_CL",
"51d7a600-081b-4b15-8648-92ff7d357488",RestAPI,,,"11/24/2025, 6:50:23.680 PM",,,"1764010222.36988",stderr,"    at #cachedDefaultResolve (node:internal/modules/esm/loader:657:25)","teams-minutes-app--0000005","teams-minutes-app","teams-minutes-app--0000005-5bc87dd899-cvkcj","33a79f5f-e950-4bfb-91ab-8cead9d0adb4","11/24/2025, 6:50:21.683 PM","orangemushroom-b6a1517d",ContainerAppConsoleLogs,"teams-minutes-app","8e3a93d3-bd9c-407e-b351-0139a96bffeb","teamminutesacr.azurecr.io/teams-minutes:latest","ContainerAppConsoleLogs_CL",
"51d7a600-081b-4b15-8648-92ff7d357488",RestAPI,,,"11/24/2025, 6:50:23.680 PM",,,"1764010222.36988",stderr,"    at ModuleLoader.resolve (node:internal/modules/esm/loader:640:38)","teams-minutes-app--0000005","teams-minutes-app","teams-minutes-app--0000005-5bc87dd899-cvkcj","33a79f5f-e950-4bfb-91ab-8cead9d0adb4","11/24/2025, 6:50:21.683 PM","orangemushroom-b6a1517d",ContainerAppConsoleLogs,"teams-minutes-app","8e3a93d3-bd9c-407e-b351-0139a96bffeb","teamminutesacr.azurecr.io/teams-minutes:latest","ContainerAppConsoleLogs_CL",
"51d7a600-081b-4b15-8648-92ff7d357488",RestAPI,,,"11/24/2025, 6:50:23.680 PM",,,"1764010222.36988",stderr,"    at ModuleLoader.getModuleJobForImport (node:internal/modules/esm/loader:264:38)","teams-minutes-app--0000005","teams-minutes-app","teams-minutes-app--0000005-5bc87dd899-cvkcj","33a79f5f-e950-4bfb-91ab-8cead9d0adb4","11/24/2025, 6:50:21.683 PM","orangemushroom-b6a1517d",ContainerAppConsoleLogs,"teams-minutes-app","8e3a93d3-bd9c-407e-b351-0139a96bffeb","teamminutesacr.azurecr.io/teams-minutes:latest","ContainerAppConsoleLogs_CL",
"51d7a600-081b-4b15-8648-92ff7d357488",RestAPI,,,"11/24/2025, 6:50:23.680 PM",,,"1764010222.36988",stderr,"    at ModuleJob._link (node:internal/modules/esm/module_job:168:49) {","teams-minutes-app--0000005","teams-minutes-app","teams-minutes-app--0000005-5bc87dd899-cvkcj","33a79f5f-e950-4bfb-91ab-8cead9d0adb4","11/24/2025, 6:50:21.683 PM","orangemushroom-b6a1517d",ContainerAppConsoleLogs,"teams-minutes-app","8e3a93d3-bd9c-407e-b351-0139a96bffeb","teamminutesacr.azurecr.io/teams-minutes:latest","ContainerAppConsoleLogs_CL",
"51d7a600-081b-4b15-8648-92ff7d357488",RestAPI,,,"11/24/2025, 6:50:23.680 PM",,,"1764010222.36988",stderr,"  code: 'ERR_MODULE_NOT_FOUND'","teams-minutes-app--0000005","teams-minutes-app","teams-minutes-app--0000005-5bc87dd899-cvkcj","33a79f5f-e950-4bfb-91ab-8cead9d0adb4","11/24/2025, 6:50:21.683 PM","orangemushroom-b6a1517d",ContainerAppConsoleLogs,"teams-minutes-app","8e3a93d3-bd9c-407e-b351-0139a96bffeb","teamminutesacr.azurecr.io/teams-minutes:latest","ContainerAppConsoleLogs_CL",
"51d7a600-081b-4b15-8648-92ff7d357488",RestAPI,,,"11/24/2025, 6:50:23.680 PM",,,"1764010222.36989",stderr,"}","teams-minutes-app--0000005","teams-minutes-app","teams-minutes-app--0000005-5bc87dd899-cvkcj","33a79f5f-e950-4bfb-91ab-8cead9d0adb4","11/24/2025, 6:50:21.683 PM","orangemushroom-b6a1517d",ContainerAppConsoleLogs,"teams-minutes-app","8e3a93d3-bd9c-407e-b351-0139a96bffeb","teamminutesacr.azurecr.io/teams-minutes:latest","ContainerAppConsoleLogs_CL",
"51d7a600-081b-4b15-8648-92ff7d357488",RestAPI,,,"11/24/2025, 6:50:23.680 PM",,,"1764010222.36989",stderr,,"teams-minutes-app--0000005","teams-minutes-app","teams-minutes-app--0000005-5bc87dd899-cvkcj","33a79f5f-e950-4bfb-91ab-8cead9d0adb4","11/24/2025, 6:50:21.683 PM","orangemushroom-b6a1517d",ContainerAppConsoleLogs,"teams-minutes-app","8e3a93d3-bd9c-407e-b351-0139a96bffeb","teamminutesacr.azurecr.io/teams-minutes:latest","ContainerAppConsoleLogs_CL",
"51d7a600-081b-4b15-8648-92ff7d357488",RestAPI,,,"11/24/2025, 6:50:23.680 PM",,,"1764010222.36989",stderr,"Node.js v20.19.5","teams-minutes-app--0000005","teams-minutes-app","teams-minutes-app--0000005-5bc87dd899-cvkcj","33a79f5f-e950-4bfb-91ab-8cead9d0adb4","11/24/2025, 6:50:21.683 PM","orangemushroom-b6a1517d",ContainerAppConsoleLogs,"teams-minutes-app","8e3a93d3-bd9c-407e-b351-0139a96bffeb","teamminutesacr.azurecr.io/teams-minutes:latest","ContainerAppConsoleLogs_CL",
"51d7a600-081b-4b15-8648-92ff7d357488",RestAPI,,,"11/24/2025, 4:54:26.954 PM",,,"1764003265.71623",stderr,"node:internal/modules/esm/resolve:873","teams-minutes-app--0000005","teams-minutes-app","teams-minutes-app--0000005-5bc87dd899-gkbkx","ad709174-a533-4e7b-929f-a1642507146d","11/24/2025, 4:54:25.679 PM","orangemushroom-b6a1517d",ContainerAppConsoleLogs,"teams-minutes-app","c3bc0232-ea2d-49cd-b035-414d2f345c85","teamminutesacr.azurecr.io/teams-minutes:latest","ContainerAppConsoleLogs_CL",
"51d7a600-081b-4b15-8648-92ff7d357488",RestAPI,,,"11/24/2025, 4:54:26.954 PM",,,"1764003265.71623",stderr,"  throw new ERR_MODULE_NOT_FOUND(packageName, fileURLToPath(base), null);","teams-minutes-app--0000005","teams-minutes-app","teams-minutes-app--0000005-5bc87dd899-gkbkx","ad709174-a533-4e7b-929f-a1642507146d","11/24/2025, 4:54:25.680 PM","orangemushroom-b6a1517d",ContainerAppConsoleLogs,"teams-minutes-app","c3bc0232-ea2d-49cd-b035-414d2f345c85","teamminutesacr.azurecr.io/teams-minutes:latest","ContainerAppConsoleLogs_CL",
"51d7a600-081b-4b15-8648-92ff7d357488",RestAPI,,,"11/24/2025, 4:54:26.954 PM",,,"1764003265.71623",stderr,"        ^","teams-minutes-app--0000005","teams-minutes-app","teams-minutes-app--0000005-5bc87dd899-gkbkx","ad709174-a533-4e7b-929f-a1642507146d","11/24/2025, 4:54:25.680 PM","orangemushroom-b6a1517d",ContainerAppConsoleLogs,"teams-minutes-app","c3bc0232-ea2d-49cd-b035-414d2f345c85","teamminutesacr.azurecr.io/teams-minutes:latest","ContainerAppConsoleLogs_CL",
"51d7a600-081b-4b15-8648-92ff7d357488",RestAPI,,,"11/24/2025, 4:54:26.954 PM",,,"1764003265.71623",stderr,,"teams-minutes-app--0000005","teams-minutes-app","teams-minutes-app--0000005-5bc87dd899-gkbkx","ad709174-a533-4e7b-929f-a1642507146d","11/24/2025, 4:54:25.680 PM","orangemushroom-b6a1517d",ContainerAppConsoleLogs,"teams-minutes-app","c3bc0232-ea2d-49cd-b035-414d2f345c85","teamminutesacr.azurecr.io/teams-minutes:latest","ContainerAppConsoleLogs_CL",
"51d7a600-081b-4b15-8648-92ff7d357488",RestAPI,,,"11/24/2025, 4:54:26.954 PM",,,"1764003265.71623",stderr,"Error [ERR_MODULE_NOT_FOUND]: Cannot find package 'vite' imported from /app/dist/index.js","teams-minutes-app--0000005","teams-minutes-app","teams-minutes-app--0000005-5bc87dd899-gkbkx","ad709174-a533-4e7b-929f-a1642507146d","11/24/2025, 4:54:25.680 PM","orangemushroom-b6a1517d",ContainerAppConsoleLogs,"teams-minutes-app","c3bc0232-ea2d-49cd-b035-414d2f345c85","teamminutesacr.azurecr.io/teams-minutes:latest","ContainerAppConsoleLogs_CL",
"51d7a600-081b-4b15-8648-92ff7d357488",RestAPI,,,"11/24/2025, 4:54:26.954 PM",,,"1764003265.71623",stderr,"    at packageResolve (node:internal/modules/esm/resolve:873:9)","teams-minutes-app--0000005","teams-minutes-app","teams-minutes-app--0000005-5bc87dd899-gkbkx","ad709174-a533-4e7b-929f-a1642507146d","11/24/2025, 4:54:25.680 PM","orangemushroom-b6a1517d",ContainerAppConsoleLogs,"teams-minutes-app","c3bc0232-ea2d-49cd-b035-414d2f345c85","teamminutesacr.azurecr.io/teams-minutes:latest","ContainerAppConsoleLogs_CL",
"51d7a600-081b-4b15-8648-92ff7d357488",RestAPI,,,"11/24/2025, 4:54:26.954 PM",,,"1764003265.71623",stderr,"    at moduleResolve (node:internal/modules/esm/resolve:946:18)","teams-minutes-app--0000005","teams-minutes-app","teams-minutes-app--0000005-5bc87dd899-gkbkx","ad709174-a533-4e7b-929f-a1642507146d","11/24/2025, 4:54:25.680 PM","orangemushroom-b6a1517d",ContainerAppConsoleLogs,"teams-minutes-app","c3bc0232-ea2d-49cd-b035-414d2f345c85","teamminutesacr.azurecr.io/teams-minutes:latest","ContainerAppConsoleLogs_CL",
"51d7a600-081b-4b15-8648-92ff7d357488",RestAPI,,,"11/24/2025, 4:54:26.954 PM",,,"1764003265.71623",stderr,"    at defaultResolve (node:internal/modules/esm/resolve:1188:11)","teams-minutes-app--0000005","teams-minutes-app","teams-minutes-app--0000005-5bc87dd899-gkbkx","ad709174-a533-4e7b-929f-a1642507146d","11/24/2025, 4:54:25.680 PM","orangemushroom-b6a1517d",ContainerAppConsoleLogs,"teams-minutes-app","c3bc0232-ea2d-49cd-b035-414d2f345c85","teamminutesacr.azurecr.io/teams-minutes:latest","ContainerAppConsoleLogs_CL",
"51d7a600-081b-4b15-8648-92ff7d357488",RestAPI,,,"11/24/2025, 4:54:26.954 PM",,,"1764003265.71623",stderr,"    at ModuleLoader.defaultResolve (node:internal/modules/esm/loader:708:12)","teams-minutes-app--0000005","teams-minutes-app","teams-minutes-app--0000005-5bc87dd899-gkbkx","ad709174-a533-4e7b-929f-a1642507146d","11/24/2025, 4:54:25.680 PM","orangemushroom-b6a1517d",ContainerAppConsoleLogs,"teams-minutes-app","c3bc0232-ea2d-49cd-b035-414d2f345c85","teamminutesacr.azurecr.io/teams-minutes:latest","ContainerAppConsoleLogs_CL",
"51d7a600-081b-4b15-8648-92ff7d357488",RestAPI,,,"11/24/2025, 4:54:26.954 PM",,,"1764003265.71623",stderr,"    at #cachedDefaultResolve (node:internal/modules/esm/loader:657:25)","teams-minutes-app--0000005","teams-minutes-app","teams-minutes-app--0000005-5bc87dd899-gkbkx","ad709174-a533-4e7b-929f-a1642507146d","11/24/2025, 4:54:25.680 PM","orangemushroom-b6a1517d",ContainerAppConsoleLogs,"teams-minutes-app","c3bc0232-ea2d-49cd-b035-414d2f345c85","teamminutesacr.azurecr.io/teams-minutes:latest","ContainerAppConsoleLogs_CL",
"51d7a600-081b-4b15-8648-92ff7d357488",RestAPI,,,"11/24/2025, 4:54:26.954 PM",,,"1764003265.71623",stderr,"    at ModuleLoader.resolve (node:internal/modules/esm/loader:640:38)","teams-minutes-app--0000005","teams-minutes-app","teams-minutes-app--0000005-5bc87dd899-gkbkx","ad709174-a533-4e7b-929f-a1642507146d","11/24/2025, 4:54:25.680 PM","orangemushroom-b6a1517d",ContainerAppConsoleLogs,"teams-minutes-app","c3bc0232-ea2d-49cd-b035-414d2f345c85","teamminutesacr.azurecr.io/teams-minutes:latest","ContainerAppConsoleLogs_CL",
"51d7a600-081b-4b15-8648-92ff7d357488",RestAPI,,,"11/24/2025, 4:54:26.954 PM",,,"1764003265.71623",stderr,"    at ModuleLoader.getModuleJobForImport (node:internal/modules/esm/loader:264:38)","teams-minutes-app--0000005","teams-minutes-app","teams-minutes-app--0000005-5bc87dd899-gkbkx","ad709174-a533-4e7b-929f-a1642507146d","11/24/2025, 4:54:25.680 PM","orangemushroom-b6a1517d",ContainerAppConsoleLogs,"teams-minutes-app","c3bc0232-ea2d-49cd-b035-414d2f345c85","teamminutesacr.azurecr.io/teams-minutes:latest","ContainerAppConsoleLogs_CL",
"51d7a600-081b-4b15-8648-92ff7d357488",RestAPI,,,"11/24/2025, 4:54:26.954 PM",,,"1764003265.71623",stderr,"    at ModuleJob._link (node:internal/modules/esm/module_job:168:49) {","teams-minutes-app--0000005","teams-minutes-app","teams-minutes-app--0000005-5bc87dd899-gkbkx","ad709174-a533-4e7b-929f-a1642507146d","11/24/2025, 4:54:25.680 PM","orangemushroom-b6a1517d",ContainerAppConsoleLogs,"teams-minutes-app","c3bc0232-ea2d-49cd-b035-414d2f345c85","teamminutesacr.azurecr.io/teams-minutes:latest","ContainerAppConsoleLogs_CL",
"51d7a600-081b-4b15-8648-92ff7d357488",RestAPI,,,"11/24/2025, 4:54:26.954 PM",,,"1764003265.71623",stderr,"  code: 'ERR_MODULE_NOT_FOUND'","teams-minutes-app--0000005","teams-minutes-app","teams-minutes-app--0000005-5bc87dd899-gkbkx","ad709174-a533-4e7b-929f-a1642507146d","11/24/2025, 4:54:25.680 PM","orangemushroom-b6a1517d",ContainerAppConsoleLogs,"teams-minutes-app","c3bc0232-ea2d-49cd-b035-414d2f345c85","teamminutesacr.azurecr.io/teams-minutes:latest","ContainerAppConsoleLogs_CL",
"51d7a600-081b-4b15-8648-92ff7d357488",RestAPI,,,"11/24/2025, 4:54:26.954 PM",,,"1764003265.71623",stderr,"}","teams-minutes-app--0000005","teams-minutes-app","teams-minutes-app--0000005-5bc87dd899-gkbkx","ad709174-a533-4e7b-929f-a1642507146d","11/24/2025, 4:54:25.680 PM","orangemushroom-b6a1517d",ContainerAppConsoleLogs,"teams-minutes-app","c3bc0232-ea2d-49cd-b035-414d2f345c85","teamminutesacr.azurecr.io/teams-minutes:latest","ContainerAppConsoleLogs_CL",
"51d7a600-081b-4b15-8648-92ff7d357488",RestAPI,,,"11/24/2025, 4:54:26.954 PM",,,"1764003265.71623",stderr,,"teams-minutes-app--0000005","teams-minutes-app","teams-minutes-app--0000005-5bc87dd899-gkbkx","ad709174-a533-4e7b-929f-a1642507146d","11/24/2025, 4:54:25.680 PM","orangemushroom-b6a1517d",ContainerAppConsoleLogs,"teams-minutes-app","c3bc0232-ea2d-49cd-b035-414d2f345c85","teamminutesacr.azurecr.io/teams-minutes:latest","ContainerAppConsoleLogs_CL",
"51d7a600-081b-4b15-8648-92ff7d357488",RestAPI,,,"11/24/2025, 4:54:26.954 PM",,,"1764003265.71623",stderr,"Node.js v20.19.5","teams-minutes-app--0000005","teams-minutes-app","teams-minutes-app--0000005-5bc87dd899-gkbkx","ad709174-a533-4e7b-929f-a1642507146d","11/24/2025, 4:54:25.680 PM","orangemushroom-b6a1517d",ContainerAppConsoleLogs,"teams-minutes-app","c3bc0232-ea2d-49cd-b035-414d2f345c85","teamminutesacr.azurecr.io/teams-minutes:latest","ContainerAppConsoleLogs_CL",
"51d7a600-081b-4b15-8648-92ff7d357488",RestAPI,,,"11/24/2025, 4:54:48.432 PM",,,"1764003286.71655",stderr,"node:internal/modules/esm/resolve:873","teams-minutes-app--0000005","teams-minutes-app","teams-minutes-app--0000005-5bc87dd899-gkbkx","a594278e-0e73-49f6-8bfb-17c496f2c367","11/24/2025, 4:54:45.948 PM","orangemushroom-b6a1517d",ContainerAppConsoleLogs,"teams-minutes-app","c3bc0232-ea2d-49cd-b035-414d2f345c85","teamminutesacr.azurecr.io/teams-minutes:latest","ContainerAppConsoleLogs_CL",
"51d7a600-081b-4b15-8648-92ff7d357488",RestAPI,,,"11/24/2025, 4:54:48.432 PM",,,"1764003286.71655",stderr,"  throw new ERR_MODULE_NOT_FOUND(packageName, fileURLToPath(base), null);","teams-minutes-app--0000005","teams-minutes-app","teams-minutes-app--0000005-5bc87dd899-gkbkx","a594278e-0e73-49f6-8bfb-17c496f2c367","11/24/2025, 4:54:45.948 PM","orangemushroom-b6a1517d",ContainerAppConsoleLogs,"teams-minutes-app","c3bc0232-ea2d-49cd-b035-414d2f345c85","teamminutesacr.azurecr.io/teams-minutes:latest","ContainerAppConsoleLogs_CL",
"51d7a600-081b-4b15-8648-92ff7d357488",RestAPI,,,"11/24/2025, 4:54:48.432 PM",,,"1764003286.71655",stderr,"        ^","teams-minutes-app--0000005","teams-minutes-app","teams-minutes-app--0000005-5bc87dd899-gkbkx","a594278e-0e73-49f6-8bfb-17c496f2c367","11/24/2025, 4:54:45.948 PM","orangemushroom-b6a1517d",ContainerAppConsoleLogs,"teams-minutes-app","c3bc0232-ea2d-49cd-b035-414d2f345c85","teamminutesacr.azurecr.io/teams-minutes:latest","ContainerAppConsoleLogs_CL",
"51d7a600-081b-4b15-8648-92ff7d357488",RestAPI,,,"11/24/2025, 4:54:48.432 PM",,,"1764003286.71655",stderr,,"teams-minutes-app--0000005","teams-minutes-app","teams-minutes-app--0000005-5bc87dd899-gkbkx","a594278e-0e73-49f6-8bfb-17c496f2c367","11/24/2025, 4:54:45.948 PM","orangemushroom-b6a1517d",ContainerAppConsoleLogs,"teams-minutes-app","c3bc0232-ea2d-49cd-b035-414d2f345c85","teamminutesacr.azurecr.io/teams-minutes:latest","ContainerAppConsoleLogs_CL",
"51d7a600-081b-4b15-8648-92ff7d357488",RestAPI,,,"11/24/2025, 4:54:48.432 PM",,,"1764003286.71655",stderr,"Error [ERR_MODULE_NOT_FOUND]: Cannot find package 'vite' imported from /app/dist/index.js","teams-minutes-app--0000005","teams-minutes-app","teams-minutes-app--0000005-5bc87dd899-gkbkx","a594278e-0e73-49f6-8bfb-17c496f2c367","11/24/2025, 4:54:45.948 PM","orangemushroom-b6a1517d",ContainerAppConsoleLogs,"teams-minutes-app","c3bc0232-ea2d-49cd-b035-414d2f345c85","teamminutesacr.azurecr.io/teams-minutes:latest","ContainerAppConsoleLogs_CL",
"51d7a600-081b-4b15-8648-92ff7d357488",RestAPI,,,"11/24/2025, 4:54:48.432 PM",,,"1764003286.71655",stderr,"    at packageResolve (node:internal/modules/esm/resolve:873:9)","teams-minutes-app--0000005","teams-minutes-app","teams-minutes-app--0000005-5bc87dd899-gkbkx","a594278e-0e73-49f6-8bfb-17c496f2c367","11/24/2025, 4:54:45.948 PM","orangemushroom-b6a1517d",ContainerAppConsoleLogs,"teams-minutes-app","c3bc0232-ea2d-49cd-b035-414d2f345c85","teamminutesacr.azurecr.io/teams-minutes:latest","ContainerAppConsoleLogs_CL",
"51d7a600-081b-4b15-8648-92ff7d357488",RestAPI,,,"11/24/2025, 4:54:48.432 PM",,,"1764003286.71655",stderr,"    at moduleResolve (node:internal/modules/esm/resolve:946:18)","teams-minutes-app--0000005","teams-minutes-app","teams-minutes-app--0000005-5bc87dd899-gkbkx","a594278e-0e73-49f6-8bfb-17c496f2c367","11/24/2025, 4:54:45.948 PM","orangemushroom-b6a1517d",ContainerAppConsoleLogs,"teams-minutes-app","c3bc0232-ea2d-49cd-b035-414d2f345c85","teamminutesacr.azurecr.io/teams-minutes:latest","ContainerAppConsoleLogs_CL",
"51d7a600-081b-4b15-8648-92ff7d357488",RestAPI,,,"11/24/2025, 4:54:48.432 PM",,,"1764003286.71655",stderr,"    at defaultResolve (node:internal/modules/esm/resolve:1188:11)","teams-minutes-app--0000005","teams-minutes-app","teams-minutes-app--0000005-5bc87dd899-gkbkx","a594278e-0e73-49f6-8bfb-17c496f2c367","11/24/2025, 4:54:45.948 PM","orangemushroom-b6a1517d",ContainerAppConsoleLogs,"teams-minutes-app","c3bc0232-ea2d-49cd-b035-414d2f345c85","teamminutesacr.azurecr.io/teams-minutes:latest","ContainerAppConsoleLogs_CL",
"51d7a600-081b-4b15-8648-92ff7d357488",RestAPI,,,"11/24/2025, 4:54:48.432 PM",,,"1764003286.71655",stderr,"    at ModuleLoader.defaultResolve (node:internal/modules/esm/loader:708:12)","teams-minutes-app--0000005","teams-minutes-app","teams-minutes-app--0000005-5bc87dd899-gkbkx","a594278e-0e73-49f6-8bfb-17c496f2c367","11/24/2025, 4:54:45.948 PM","orangemushroom-b6a1517d",ContainerAppConsoleLogs,"teams-minutes-app","c3bc0232-ea2d-49cd-b035-414d2f345c85","teamminutesacr.azurecr.io/teams-minutes:latest","ContainerAppConsoleLogs_CL",
"51d7a600-081b-4b15-8648-92ff7d357488",RestAPI,,,"11/24/2025, 4:54:48.432 PM",,,"1764003286.71655",stderr,"    at #cachedDefaultResolve (node:internal/modules/esm/loader:657:25)","teams-minutes-app--0000005","teams-minutes-app","teams-minutes-app--0000005-5bc87dd899-gkbkx","a594278e-0e73-49f6-8bfb-17c496f2c367","11/24/2025, 4:54:45.948 PM","orangemushroom-b6a1517d",ContainerAppConsoleLogs,"teams-minutes-app","c3bc0232-ea2d-49cd-b035-414d2f345c85","teamminutesacr.azurecr.io/teams-minutes:latest","ContainerAppConsoleLogs_CL",
"51d7a600-081b-4b15-8648-92ff7d357488",RestAPI,,,"11/24/2025, 4:54:48.432 PM",,,"1764003286.71655",stderr,"    at ModuleLoader.resolve (node:internal/modules/esm/loader:640:38)","teams-minutes-app--0000005","teams-minutes-app","teams-minutes-app--0000005-5bc87dd899-gkbkx","a594278e-0e73-49f6-8bfb-17c496f2c367","11/24/2025, 4:54:45.948 PM","orangemushroom-b6a1517d",ContainerAppConsoleLogs,"teams-minutes-app","c3bc0232-ea2d-49cd-b035-414d2f345c85","teamminutesacr.azurecr.io/teams-minutes:latest","ContainerAppConsoleLogs_CL",
"51d7a600-081b-4b15-8648-92ff7d357488",RestAPI,,,"11/24/2025, 4:54:48.432 PM",,,"1764003286.71655",stderr,"    at ModuleLoader.getModuleJobForImport (node:internal/modules/esm/loader:264:38)","teams-minutes-app--0000005","teams-minutes-app","teams-minutes-app--0000005-5bc87dd899-gkbkx","a594278e-0e73-49f6-8bfb-17c496f2c367","11/24/2025, 4:54:45.948 PM","orangemushroom-b6a1517d",ContainerAppConsoleLogs,"teams-minutes-app","c3bc0232-ea2d-49cd-b035-414d2f345c85","teamminutesacr.azurecr.io/teams-minutes:latest","ContainerAppConsoleLogs_CL",
"51d7a600-081b-4b15-8648-92ff7d357488",RestAPI,,,"11/24/2025, 4:54:48.432 PM",,,"1764003286.71655",stderr,"    at ModuleJob._link (node:internal/modules/esm/module_job:168:49) {","teams-minutes-app--0000005","teams-minutes-app","teams-minutes-app--0000005-5bc87dd899-gkbkx","a594278e-0e73-49f6-8bfb-17c496f2c367","11/24/2025, 4:54:45.948 PM","orangemushroom-b6a1517d",ContainerAppConsoleLogs,"teams-minutes-app","c3bc0232-ea2d-49cd-b035-414d2f345c85","teamminutesacr.azurecr.io/teams-minutes:latest","ContainerAppConsoleLogs_CL",
"51d7a600-081b-4b15-8648-92ff7d357488",RestAPI,,,"11/24/2025, 4:54:48.432 PM",,,"1764003286.71655",stderr,"  code: 'ERR_MODULE_NOT_FOUND'","teams-minutes-app--0000005","teams-minutes-app","teams-minutes-app--0000005-5bc87dd899-gkbkx","a594278e-0e73-49f6-8bfb-17c496f2c367","11/24/2025, 4:54:45.948 PM","orangemushroom-b6a1517d",ContainerAppConsoleLogs,"teams-minutes-app","c3bc0232-ea2d-49cd-b035-414d2f345c85","teamminutesacr.azurecr.io/teams-minutes:latest","ContainerAppConsoleLogs_CL",
"51d7a600-081b-4b15-8648-92ff7d357488",RestAPI,,,"11/24/2025, 4:54:48.432 PM",,,"1764003286.71655",stderr,"}","teams-minutes-app--0000005","teams-minutes-app","teams-minutes-app--0000005-5bc87dd899-gkbkx","a594278e-0e73-49f6-8bfb-17c496f2c367","11/24/2025, 4:54:45.948 PM","orangemushroom-b6a1517d",ContainerAppConsoleLogs,"teams-minutes-app","c3bc0232-ea2d-49cd-b035-414d2f345c85","teamminutesacr.azurecr.io/teams-minutes:latest","ContainerAppConsoleLogs_CL",
"51d7a600-081b-4b15-8648-92ff7d357488",RestAPI,,,"11/24/2025, 4:54:48.432 PM",,,"1764003286.71655",stderr,,"teams-minutes-app--0000005","teams-minutes-app","teams-minutes-app--0000005-5bc87dd899-gkbkx","a594278e-0e73-49f6-8bfb-17c496f2c367","11/24/2025, 4:54:45.948 PM","orangemushroom-b6a1517d",ContainerAppConsoleLogs,"teams-minutes-app","c3bc0232-ea2d-49cd-b035-414d2f345c85","teamminutesacr.azurecr.io/teams-minutes:latest","ContainerAppConsoleLogs_CL",
"51d7a600-081b-4b15-8648-92ff7d357488",RestAPI,,,"11/24/2025, 4:54:48.432 PM",,,"1764003286.71655",stderr,"Node.js v20.19.5","teams-minutes-app--0000005","teams-minutes-app","teams-minutes-app--0000005-5bc87dd899-gkbkx","a594278e-0e73-49f6-8bfb-17c496f2c367","11/24/2025, 4:54:45.948 PM","orangemushroom-b6a1517d",ContainerAppConsoleLogs,"teams-minutes-app","c3bc0232-ea2d-49cd-b035-414d2f345c85","teamminutesacr.azurecr.io/teams-minutes:latest","ContainerAppConsoleLogs_CL",
"51d7a600-081b-4b15-8648-92ff7d357488",RestAPI,,,"11/24/2025, 6:45:21.576 PM",,,"1764009920.41754",stderr,"node:internal/modules/esm/resolve:873","teams-minutes-app--0000005","teams-minutes-app","teams-minutes-app--0000005-5bc87dd899-cvkcj","b72659f7-a5fb-45fa-8504-6fd3ab5adbf2","11/24/2025, 6:45:20.411 PM","orangemushroom-b6a1517d",ContainerAppConsoleLogs,"teams-minutes-app","8e3a93d3-bd9c-407e-b351-0139a96bffeb","teamminutesacr.azurecr.io/teams-minutes:latest","ContainerAppConsoleLogs_CL",
"51d7a600-081b-4b15-8648-92ff7d357488",RestAPI,,,"11/24/2025, 6:45:21.576 PM",,,"1764009920.41754",stderr,"  throw new ERR_MODULE_NOT_FOUND(packageName, fileURLToPath(base), null);","teams-minutes-app--0000005","teams-minutes-app","teams-minutes-app--0000005-5bc87dd899-cvkcj","b72659f7-a5fb-45fa-8504-6fd3ab5adbf2","11/24/2025, 6:45:20.411 PM","orangemushroom-b6a1517d",ContainerAppConsoleLogs,"teams-minutes-app","8e3a93d3-bd9c-407e-b351-0139a96bffeb","teamminutesacr.azurecr.io/teams-minutes:latest","ContainerAppConsoleLogs_CL",
"51d7a600-081b-4b15-8648-92ff7d357488",RestAPI,,,"11/24/2025, 6:45:21.576 PM",,,"1764009920.41754",stderr,"        ^","teams-minutes-app--0000005","teams-minutes-app","teams-minutes-app--0000005-5bc87dd899-cvkcj","b72659f7-a5fb-45fa-8504-6fd3ab5adbf2","11/24/2025, 6:45:20.411 PM","orangemushroom-b6a1517d",ContainerAppConsoleLogs,"teams-minutes-app","8e3a93d3-bd9c-407e-b351-0139a96bffeb","teamminutesacr.azurecr.io/teams-minutes:latest","ContainerAppConsoleLogs_CL",
"51d7a600-081b-4b15-8648-92ff7d357488",RestAPI,,,"11/24/2025, 6:45:21.576 PM",,,"1764009920.41754",stderr,,"teams-minutes-app--0000005","teams-minutes-app","teams-minutes-app--0000005-5bc87dd899-cvkcj","b72659f7-a5fb-45fa-8504-6fd3ab5adbf2","11/24/2025, 6:45:20.411 PM","orangemushroom-b6a1517d",ContainerAppConsoleLogs,"teams-minutes-app","8e3a93d3-bd9c-407e-b351-0139a96bffeb","teamminutesacr.azurecr.io/teams-minutes:latest","ContainerAppConsoleLogs_CL",
"51d7a600-081b-4b15-8648-92ff7d357488",RestAPI,,,"11/24/2025, 6:45:21.576 PM",,,"1764009920.41754",stderr,"Error [ERR_MODULE_NOT_FOUND]: Cannot find package 'vite' imported from /app/dist/index.js","teams-minutes-app--0000005","teams-minutes-app","teams-minutes-app--0000005-5bc87dd899-cvkcj","b72659f7-a5fb-45fa-8504-6fd3ab5adbf2","11/24/2025, 6:45:20.411 PM","orangemushroom-b6a1517d",ContainerAppConsoleLogs,"teams-minutes-app","8e3a93d3-bd9c-407e-b351-0139a96bffeb","teamminutesacr.azurecr.io/teams-minutes:latest","ContainerAppConsoleLogs_CL",
"51d7a600-081b-4b15-8648-92ff7d357488",RestAPI,,,"11/24/2025, 6:45:21.576 PM",,,"1764009920.41754",stderr,"    at packageResolve (node:internal/modules/esm/resolve:873:9)","teams-minutes-app--0000005","teams-minutes-app","teams-minutes-app--0000005-5bc87dd899-cvkcj","b72659f7-a5fb-45fa-8504-6fd3ab5adbf2","11/24/2025, 6:45:20.411 PM","orangemushroom-b6a1517d",ContainerAppConsoleLogs,"teams-minutes-app","8e3a93d3-bd9c-407e-b351-0139a96bffeb","teamminutesacr.azurecr.io/teams-minutes:latest","ContainerAppConsoleLogs_CL",
"51d7a600-081b-4b15-8648-92ff7d357488",RestAPI,,,"11/24/2025, 6:45:21.576 PM",,,"1764009920.41754",stderr,"    at moduleResolve (node:internal/modules/esm/resolve:946:18)","teams-minutes-app--0000005","teams-minutes-app","teams-minutes-app--0000005-5bc87dd899-cvkcj","b72659f7-a5fb-45fa-8504-6fd3ab5adbf2","11/24/2025, 6:45:20.411 PM","orangemushroom-b6a1517d",ContainerAppConsoleLogs,"teams-minutes-app","8e3a93d3-bd9c-407e-b351-0139a96bffeb","teamminutesacr.azurecr.io/teams-minutes:latest","ContainerAppConsoleLogs_CL",
"51d7a600-081b-4b15-8648-92ff7d357488",RestAPI,,,"11/24/2025, 6:45:21.576 PM",,,"1764009920.41754",stderr,"    at defaultResolve (node:internal/modules/esm/resolve:1188:11)","teams-minutes-app--0000005","teams-minutes-app","teams-minutes-app--0000005-5bc87dd899-cvkcj","b72659f7-a5fb-45fa-8504-6fd3ab5adbf2","11/24/2025, 6:45:20.411 PM","orangemushroom-b6a1517d",ContainerAppConsoleLogs,"teams-minutes-app","8e3a93d3-bd9c-407e-b351-0139a96bffeb","teamminutesacr.azurecr.io/teams-minutes:latest","ContainerAppConsoleLogs_CL",
"51d7a600-081b-4b15-8648-92ff7d357488",RestAPI,,,"11/24/2025, 6:45:21.576 PM",,,"1764009920.41754",stderr,"    at ModuleLoader.defaultResolve (node:internal/modules/esm/loader:708:12)","teams-minutes-app--0000005","teams-minutes-app","teams-minutes-app--0000005-5bc87dd899-cvkcj","b72659f7-a5fb-45fa-8504-6fd3ab5adbf2","11/24/2025, 6:45:20.411 PM","orangemushroom-b6a1517d",ContainerAppConsoleLogs,"teams-minutes-app","8e3a93d3-bd9c-407e-b351-0139a96bffeb","teamminutesacr.azurecr.io/teams-minutes:latest","ContainerAppConsoleLogs_CL",
"51d7a600-081b-4b15-8648-92ff7d357488",RestAPI,,,"11/24/2025, 6:45:21.576 PM",,,"1764009920.41754",stderr,"    at #cachedDefaultResolve (node:internal/modules/esm/loader:657:25)","teams-minutes-app--0000005","teams-minutes-app","teams-minutes-app--0000005-5bc87dd899-cvkcj","b72659f7-a5fb-45fa-8504-6fd3ab5adbf2","11/24/2025, 6:45:20.411 PM","orangemushroom-b6a1517d",ContainerAppConsoleLogs,"teams-minutes-app","8e3a93d3-bd9c-407e-b351-0139a96bffeb","teamminutesacr.azurecr.io/teams-minutes:latest","ContainerAppConsoleLogs_CL",
"51d7a600-081b-4b15-8648-92ff7d357488",RestAPI,,,"11/24/2025, 6:45:21.576 PM",,,"1764009920.41754",stderr,"    at ModuleLoader.resolve (node:internal/modules/esm/loader:640:38)","teams-minutes-app--0000005","teams-minutes-app","teams-minutes-app--0000005-5bc87dd899-cvkcj","b72659f7-a5fb-45fa-8504-6fd3ab5adbf2","11/24/2025, 6:45:20.411 PM","orangemushroom-b6a1517d",ContainerAppConsoleLogs,"teams-minutes-app","8e3a93d3-bd9c-407e-b351-0139a96bffeb","teamminutesacr.azurecr.io/teams-minutes:latest","ContainerAppConsoleLogs_CL",
"51d7a600-081b-4b15-8648-92ff7d357488",RestAPI,,,"11/24/2025, 6:45:21.576 PM",,,"1764009920.41754",stderr,"    at ModuleLoader.getModuleJobForImport (node:internal/modules/esm/loader:264:38)","teams-minutes-app--0000005","teams-minutes-app","teams-minutes-app--0000005-5bc87dd899-cvkcj","b72659f7-a5fb-45fa-8504-6fd3ab5adbf2","11/24/2025, 6:45:20.411 PM","orangemushroom-b6a1517d",ContainerAppConsoleLogs,"teams-minutes-app","8e3a93d3-bd9c-407e-b351-0139a96bffeb","teamminutesacr.azurecr.io/teams-minutes:latest","ContainerAppConsoleLogs_CL",
"51d7a600-081b-4b15-8648-92ff7d357488",RestAPI,,,"11/24/2025, 6:45:21.576 PM",,,"1764009920.41754",stderr,"    at ModuleJob._link (node:internal/modules/esm/module_job:168:49) {","teams-minutes-app--0000005","teams-minutes-app","teams-minutes-app--0000005-5bc87dd899-cvkcj","b72659f7-a5fb-45fa-8504-6fd3ab5adbf2","11/24/2025, 6:45:20.411 PM","orangemushroom-b6a1517d",ContainerAppConsoleLogs,"teams-minutes-app","8e3a93d3-bd9c-407e-b351-0139a96bffeb","teamminutesacr.azurecr.io/teams-minutes:latest","ContainerAppConsoleLogs_CL",
"51d7a600-081b-4b15-8648-92ff7d357488",RestAPI,,,"11/24/2025, 6:45:21.576 PM",,,"1764009920.41754",stderr,"  code: 'ERR_MODULE_NOT_FOUND'","teams-minutes-app--0000005","teams-minutes-app","teams-minutes-app--0000005-5bc87dd899-cvkcj","b72659f7-a5fb-45fa-8504-6fd3ab5adbf2","11/24/2025, 6:45:20.411 PM","orangemushroom-b6a1517d",ContainerAppConsoleLogs,"teams-minutes-app","8e3a93d3-bd9c-407e-b351-0139a96bffeb","teamminutesacr.azurecr.io/teams-minutes:latest","ContainerAppConsoleLogs_CL",
"51d7a600-081b-4b15-8648-92ff7d357488",RestAPI,,,"11/24/2025, 6:45:21.576 PM",,,"1764009920.41756",stderr,"}","teams-minutes-app--0000005","teams-minutes-app","teams-minutes-app--0000005-5bc87dd899-cvkcj","b72659f7-a5fb-45fa-8504-6fd3ab5adbf2","11/24/2025, 6:45:20.411 PM","orangemushroom-b6a1517d",ContainerAppConsoleLogs,"teams-minutes-app","8e3a93d3-bd9c-407e-b351-0139a96bffeb","teamminutesacr.azurecr.io/teams-minutes:latest","ContainerAppConsoleLogs_CL",
"51d7a600-081b-4b15-8648-92ff7d357488",RestAPI,,,"11/24/2025, 6:45:21.576 PM",,,"1764009920.41756",stderr,,"teams-minutes-app--0000005","teams-minutes-app","teams-minutes-app--0000005-5bc87dd899-cvkcj","b72659f7-a5fb-45fa-8504-6fd3ab5adbf2","11/24/2025, 6:45:20.411 PM","orangemushroom-b6a1517d",ContainerAppConsoleLogs,"teams-minutes-app","8e3a93d3-bd9c-407e-b351-0139a96bffeb","teamminutesacr.azurecr.io/teams-minutes:latest","ContainerAppConsoleLogs_CL",
"51d7a600-081b-4b15-8648-92ff7d357488",RestAPI,,,"11/24/2025, 6:45:21.576 PM",,,"1764009920.41756",stderr,"Node.js v20.19.5","teams-minutes-app--0000005","teams-minutes-app","teams-minutes-app--0000005-5bc87dd899-cvkcj","b72659f7-a5fb-45fa-8504-6fd3ab5adbf2","11/24/2025, 6:45:20.411 PM","orangemushroom-b6a1517d",ContainerAppConsoleLogs,"teams-minutes-app","8e3a93d3-bd9c-407e-b351-0139a96bffeb","teamminutesacr.azurecr.io/teams-minutes:latest","ContainerAppConsoleLogs_CL",
"51d7a600-081b-4b15-8648-92ff7d357488",RestAPI,,,"11/24/2025, 6:45:42.556 PM",,,"1764009941.36955",stderr,"node:internal/modules/esm/resolve:873","teams-minutes-app--0000005","teams-minutes-app","teams-minutes-app--0000005-5bc87dd899-cvkcj","4d7f6ea4-8373-4928-9b77-901adb39375e","11/24/2025, 6:45:40.737 PM","orangemushroom-b6a1517d",ContainerAppConsoleLogs,"teams-minutes-app","8e3a93d3-bd9c-407e-b351-0139a96bffeb","teamminutesacr.azurecr.io/teams-minutes:latest","ContainerAppConsoleLogs_CL",
"51d7a600-081b-4b15-8648-92ff7d357488",RestAPI,,,"11/24/2025, 6:45:42.556 PM",,,"1764009941.36956",stderr,"  throw new ERR_MODULE_NOT_FOUND(packageName, fileURLToPath(base), null);","teams-minutes-app--0000005","teams-minutes-app","teams-minutes-app--0000005-5bc87dd899-cvkcj","4d7f6ea4-8373-4928-9b77-901adb39375e","11/24/2025, 6:45:40.737 PM","orangemushroom-b6a1517d",ContainerAppConsoleLogs,"teams-minutes-app","8e3a93d3-bd9c-407e-b351-0139a96bffeb","teamminutesacr.azurecr.io/teams-minutes:latest","ContainerAppConsoleLogs_CL",
"51d7a600-081b-4b15-8648-92ff7d357488",RestAPI,,,"11/24/2025, 6:45:42.556 PM",,,"1764009941.36956",stderr,"        ^","teams-minutes-app--0000005","teams-minutes-app","teams-minutes-app--0000005-5bc87dd899-cvkcj","4d7f6ea4-8373-4928-9b77-901adb39375e","11/24/2025, 6:45:40.737 PM","orangemushroom-b6a1517d",ContainerAppConsoleLogs,"teams-minutes-app","8e3a93d3-bd9c-407e-b351-0139a96bffeb","teamminutesacr.azurecr.io/teams-minutes:latest","ContainerAppConsoleLogs_CL",
"51d7a600-081b-4b15-8648-92ff7d357488",RestAPI,,,"11/24/2025, 6:45:42.556 PM",,,"1764009941.36956",stderr,,"teams-minutes-app--0000005","teams-minutes-app","teams-minutes-app--0000005-5bc87dd899-cvkcj","4d7f6ea4-8373-4928-9b77-901adb39375e","11/24/2025, 6:45:40.737 PM","orangemushroom-b6a1517d",ContainerAppConsoleLogs,"teams-minutes-app","8e3a93d3-bd9c-407e-b351-0139a96bffeb","teamminutesacr.azurecr.io/teams-minutes:latest","ContainerAppConsoleLogs_CL",
"51d7a600-081b-4b15-8648-92ff7d357488",RestAPI,,,"11/24/2025, 6:45:42.556 PM",,,"1764009941.36956",stderr,"Error [ERR_MODULE_NOT_FOUND]: Cannot find package 'vite' imported from /app/dist/index.js","teams-minutes-app--0000005","teams-minutes-app","teams-minutes-app--0000005-5bc87dd899-cvkcj","4d7f6ea4-8373-4928-9b77-901adb39375e","11/24/2025, 6:45:40.737 PM","orangemushroom-b6a1517d",ContainerAppConsoleLogs,"teams-minutes-app","8e3a93d3-bd9c-407e-b351-0139a96bffeb","teamminutesacr.azurecr.io/teams-minutes:latest","ContainerAppConsoleLogs_CL",
"51d7a600-081b-4b15-8648-92ff7d357488",RestAPI,,,"11/24/2025, 6:45:42.556 PM",,,"1764009941.36956",stderr,"    at packageResolve (node:internal/modules/esm/resolve:873:9)","teams-minutes-app--0000005","teams-minutes-app","teams-minutes-app--0000005-5bc87dd899-cvkcj","4d7f6ea4-8373-4928-9b77-901adb39375e","11/24/2025, 6:45:40.737 PM","orangemushroom-b6a1517d",ContainerAppConsoleLogs,"teams-minutes-app","8e3a93d3-bd9c-407e-b351-0139a96bffeb","teamminutesacr.azurecr.io/teams-minutes:latest","ContainerAppConsoleLogs_CL",
"51d7a600-081b-4b15-8648-92ff7d357488",RestAPI,,,"11/24/2025, 6:45:42.556 PM",,,"1764009941.36956",stderr,"    at moduleResolve (node:internal/modules/esm/resolve:946:18)","teams-minutes-app--0000005","teams-minutes-app","teams-minutes-app--0000005-5bc87dd899-cvkcj","4d7f6ea4-8373-4928-9b77-901adb39375e","11/24/2025, 6:45:40.737 PM","orangemushroom-b6a1517d",ContainerAppConsoleLogs,"teams-minutes-app","8e3a93d3-bd9c-407e-b351-0139a96bffeb","teamminutesacr.azurecr.io/teams-minutes:latest","ContainerAppConsoleLogs_CL",
"51d7a600-081b-4b15-8648-92ff7d357488",RestAPI,,,"11/24/2025, 6:45:42.556 PM",,,"1764009941.36956",stderr,"    at defaultResolve (node:internal/modules/esm/resolve:1188:11)","teams-minutes-app--0000005","teams-minutes-app","teams-minutes-app--0000005-5bc87dd899-cvkcj","4d7f6ea4-8373-4928-9b77-901adb39375e","11/24/2025, 6:45:40.737 PM","orangemushroom-b6a1517d",ContainerAppConsoleLogs,"teams-minutes-app","8e3a93d3-bd9c-407e-b351-0139a96bffeb","teamminutesacr.azurecr.io/teams-minutes:latest","ContainerAppConsoleLogs_CL",
"51d7a600-081b-4b15-8648-92ff7d357488",RestAPI,,,"11/24/2025, 6:45:42.556 PM",,,"1764009941.36956",stderr,"    at ModuleLoader.defaultResolve (node:internal/modules/esm/loader:708:12)","teams-minutes-app--0000005","teams-minutes-app","teams-minutes-app--0000005-5bc87dd899-cvkcj","4d7f6ea4-8373-4928-9b77-901adb39375e","11/24/2025, 6:45:40.737 PM","orangemushroom-b6a1517d",ContainerAppConsoleLogs,"teams-minutes-app","8e3a93d3-bd9c-407e-b351-0139a96bffeb","teamminutesacr.azurecr.io/teams-minutes:latest","ContainerAppConsoleLogs_CL",
"51d7a600-081b-4b15-8648-92ff7d357488",RestAPI,,,"11/24/2025, 6:45:42.556 PM",,,"1764009941.36956",stderr,"    at #cachedDefaultResolve (node:internal/modules/esm/loader:657:25)","teams-minutes-app--0000005","teams-minutes-app","teams-minutes-app--0000005-5bc87dd899-cvkcj","4d7f6ea4-8373-4928-9b77-901adb39375e","11/24/2025, 6:45:40.737 PM","orangemushroom-b6a1517d",ContainerAppConsoleLogs,"teams-minutes-app","8e3a93d3-bd9c-407e-b351-0139a96bffeb","teamminutesacr.azurecr.io/teams-minutes:latest","ContainerAppConsoleLogs_CL",
"51d7a600-081b-4b15-8648-92ff7d357488",RestAPI,,,"11/24/2025, 6:45:42.556 PM",,,"1764009941.36956",stderr,"    at ModuleLoader.resolve (node:internal/modules/esm/loader:640:38)","teams-minutes-app--0000005","teams-minutes-app","teams-minutes-app--0000005-5bc87dd899-cvkcj","4d7f6ea4-8373-4928-9b77-901adb39375e","11/24/2025, 6:45:40.737 PM","orangemushroom-b6a1517d",ContainerAppConsoleLogs,"teams-minutes-app","8e3a93d3-bd9c-407e-b351-0139a96bffeb","teamminutesacr.azurecr.io/teams-minutes:latest","ContainerAppConsoleLogs_CL",
"51d7a600-081b-4b15-8648-92ff7d357488",RestAPI,,,"11/24/2025, 6:45:42.556 PM",,,"1764009941.36956",stderr,"    at ModuleLoader.getModuleJobForImport (node:internal/modules/esm/loader:264:38)","teams-minutes-app--0000005","teams-minutes-app","teams-minutes-app--0000005-5bc87dd899-cvkcj","4d7f6ea4-8373-4928-9b77-901adb39375e","11/24/2025, 6:45:40.737 PM","orangemushroom-b6a1517d",ContainerAppConsoleLogs,"teams-minutes-app","8e3a93d3-bd9c-407e-b351-0139a96bffeb","teamminutesacr.azurecr.io/teams-minutes:latest","ContainerAppConsoleLogs_CL",
"51d7a600-081b-4b15-8648-92ff7d357488",RestAPI,,,"11/24/2025, 6:45:42.556 PM",,,"1764009941.36956",stderr,"    at ModuleJob._link (node:internal/modules/esm/module_job:168:49) {","teams-minutes-app--0000005","teams-minutes-app","teams-minutes-app--0000005-5bc87dd899-cvkcj","4d7f6ea4-8373-4928-9b77-901adb39375e","11/24/2025, 6:45:40.737 PM","orangemushroom-b6a1517d",ContainerAppConsoleLogs,"teams-minutes-app","8e3a93d3-bd9c-407e-b351-0139a96bffeb","teamminutesacr.azurecr.io/teams-minutes:latest","ContainerAppConsoleLogs_CL",
"51d7a600-081b-4b15-8648-92ff7d357488",RestAPI,,,"11/24/2025, 6:45:42.556 PM",,,"1764009941.36956",stderr,"  code: 'ERR_MODULE_NOT_FOUND'","teams-minutes-app--0000005","teams-minutes-app","teams-minutes-app--0000005-5bc87dd899-cvkcj","4d7f6ea4-8373-4928-9b77-901adb39375e","11/24/2025, 6:45:40.737 PM","orangemushroom-b6a1517d",ContainerAppConsoleLogs,"teams-minutes-app","8e3a93d3-bd9c-407e-b351-0139a96bffeb","teamminutesacr.azurecr.io/teams-minutes:latest","ContainerAppConsoleLogs_CL",
"51d7a600-081b-4b15-8648-92ff7d357488",RestAPI,,,"11/24/2025, 6:45:42.556 PM",,,"1764009941.36956",stderr,"}","teams-minutes-app--0000005","teams-minutes-app","teams-minutes-app--0000005-5bc87dd899-cvkcj","4d7f6ea4-8373-4928-9b77-901adb39375e","11/24/2025, 6:45:40.737 PM","orangemushroom-b6a1517d",ContainerAppConsoleLogs,"teams-minutes-app","8e3a93d3-bd9c-407e-b351-0139a96bffeb","teamminutesacr.azurecr.io/teams-minutes:latest","ContainerAppConsoleLogs_CL",
"51d7a600-081b-4b15-8648-92ff7d357488",RestAPI,,,"11/24/2025, 6:45:42.556 PM",,,"1764009941.36956",stderr,,"teams-minutes-app--0000005","teams-minutes-app","teams-minutes-app--0000005-5bc87dd899-cvkcj","4d7f6ea4-8373-4928-9b77-901adb39375e","11/24/2025, 6:45:40.737 PM","orangemushroom-b6a1517d",ContainerAppConsoleLogs,"teams-minutes-app","8e3a93d3-bd9c-407e-b351-0139a96bffeb","teamminutesacr.azurecr.io/teams-minutes:latest","ContainerAppConsoleLogs_CL",
"51d7a600-081b-4b15-8648-92ff7d357488",RestAPI,,,"11/24/2025, 6:45:42.556 PM",,,"1764009941.36956",stderr,"Node.js v20.19.5","teams-minutes-app--0000005","teams-minutes-app","teams-minutes-app--0000005-5bc87dd899-cvkcj","4d7f6ea4-8373-4928-9b77-901adb39375e","11/24/2025, 6:45:40.737 PM","orangemushroom-b6a1517d",ContainerAppConsoleLogs,"teams-minutes-app","8e3a93d3-bd9c-407e-b351-0139a96bffeb","teamminutesacr.azurecr.io/teams-minutes:latest","ContainerAppConsoleLogs_CL",
